Date,Value
2020-06-25 10:50:17.552340,10.248357076505616
2020-06-26 10:50:17.552340,10.349247460498612
2020-06-27 10:50:17.552340,10.866228313808254
2020-06-28 10:50:17.552340,11.060817805446987
2020-06-29 10:50:17.552340,9.775760425748786
2020-06-30 10:50:17.552340,9.53263394162286
2020-07-01 10:50:17.552340,10.563206226389465
2020-07-02 10:50:17.552340,10.575536281240552
2020-07-03 10:50:17.552340,10.375247391367942
2020-07-04 10:50:17.552340,11.00500172942826
2020-07-05 10:50:17.552340,10.258611095589147
2020-07-06 10:50:17.552340,9.850615510201782
2020-07-07 10:50:17.552340,9.960899956892295
2020-07-08 10:50:17.552340,9.006696268957032
2020-07-09 10:50:17.552340,9.518563931382547
2020-07-10 10:50:17.552340,10.517459453534384
2020-07-11 10:50:17.552340,10.41528700208787
2020-07-12 10:50:17.552340,10.83473439065678
2020-07-13 10:50:17.552340,9.81601697076094
2020-07-14 10:50:17.552340,9.31952156249232
2020-07-15 10:50:17.552340,10.881069704946698
2020-07-16 10:50:17.552340,10.452146580966495
2020-07-17 10:50:17.552340,11.01543104147563
2020-07-18 10:50:17.552340,10.391393191527676
2020-07-19 10:50:17.552340,10.586434545899667
2020-07-20 10:50:17.552340,10.505405719625589
2020-07-21 10:50:17.552340,9.628942370050982
2020-07-22 10:50:17.552340,10.513660842193271
2020-07-23 10:50:17.552340,10.441033458655147
2020-07-24 10:50:17.552340,11.01084085938777
2020-07-25 10:50:17.552340,10.976589043709332
2020-07-26 10:50:17.552340,11.957046281700993
2020-07-27 10:50:17.552340,10.614035668846608
2020-07-28 10:50:17.552340,9.844934912081055
2020-07-29 10:50:17.552340,10.904900095527914
2020-07-30 10:50:17.552340,10.297165056026508
2020-07-31 10:50:17.552340,11.425726031108875
2020-08-01 10:50:17.552340,10.460540842400388
2020-08-02 10:50:17.552340,10.52802990370691
2020-08-03 10:50:17.552340,10.878668460078178
2020-08-04 10:50:17.552340,10.900671209899595
2020-08-05 10:50:17.552340,10.735110001187413
2020-08-06 10:50:17.552340,11.003668882059708
2020-08-07 10:50:17.552340,11.322714253195636
2020-08-08 10:50:17.552340,10.851110878865988
2020-08-09 10:50:17.552340,10.980179858678621
2020-08-10 10:50:17.552340,10.695840116740154
2020-08-11 10:50:17.552340,11.203823488435019
2020-08-12 10:50:17.552340,10.962923047585234
2020-08-13 10:50:17.552340,10.319485999068945
2020-08-14 10:50:17.552340,11.772608219471174
2020-08-15 10:50:17.552340,11.532880672647018
2020-08-16 10:50:17.552340,11.134404098066756
2020-08-17 10:50:17.552340,11.362438047668054
2020-08-18 10:50:17.552340,11.318844560706749
2020-08-19 10:50:17.552340,11.382443865739235
2020-08-20 10:50:17.552340,10.904660862862848
2020-08-21 10:50:17.552340,11.576764122994105
2020-08-22 10:50:17.552340,12.009365745997835
2020-08-23 10:50:17.552340,12.076426371781116
2020-08-24 10:50:17.552340,10.930247085918586
2020-08-25 10:50:17.552340,10.821165060274316
2020-08-26 10:50:17.552340,10.471672137698514
2020-08-27 10:50:17.552340,10.831559596710326
2020-08-28 10:50:17.552340,12.240356151572492
2020-08-29 10:50:17.552340,12.62187958992318
2020-08-30 10:50:17.552340,11.6499506786575
2020-08-31 10:50:17.552340,11.766153547966606
2020-09-01 10:50:17.552340,11.186591809925664
2020-09-02 10:50:17.552340,10.791261564366463
2020-09-03 10:50:17.552340,11.696522139139278
2020-09-04 10:50:17.552340,12.686430440146966
2020-09-05 10:50:17.552340,12.00630168206021
2020-09-06 10:50:17.552340,12.545848471908515
2020-09-07 10:50:17.552340,10.029181653900647
2020-09-08 10:50:17.552340,11.488469643138028
2020-09-09 10:50:17.552340,11.226149206216666
2020-09-10 10:50:17.552340,11.432167550010083
2020-09-11 10:50:17.552340,12.026165990342587
2020-09-12 10:50:17.552340,11.09031502474758
2020-09-13 10:50:17.552340,11.710572480362506
2020-09-14 10:50:17.552340,11.571475826256743
2020-09-15 10:50:17.552340,11.867301750418772
2020-09-16 10:50:17.552340,10.971286248424576
2020-09-17 10:50:17.552340,11.222168704461124
2020-09-18 10:50:17.552340,11.771090107179937
2020-09-19 10:50:17.552340,12.580413372176416
2020-09-20 10:50:17.552340,12.020318582680996
2020-09-21 10:50:17.552340,11.160488694537628
2020-09-22 10:50:17.552340,11.414346147188304
2020-09-23 10:50:17.552340,11.305220991889293
2020-09-24 10:50:17.552340,12.133897645966615
2020-09-25 10:50:17.552340,11.690997058989772
2020-09-26 10:50:17.552340,11.975829016151833
2020-09-27 10:50:17.552340,11.673727914315458
2020-09-28 10:50:17.552340,10.704340781234892
2020-09-29 10:50:17.552340,11.313392754250716
2020-09-30 10:50:17.552340,11.391721916301494
2020-10-01 10:50:17.552340,11.65353789263331
2020-10-02 10:50:17.552340,11.923032996564022
2020-10-03 10:50:17.552340,11.427178532058054
2020-10-04 10:50:17.552340,11.651568830382118
2020-10-05 10:50:17.552340,11.253761933024524
2020-10-06 10:50:17.552340,10.750133015259664
2020-10-07 10:50:17.552340,11.163416132991124
2020-10-08 10:50:17.552340,11.832805463076891
2020-10-09 10:50:17.552340,12.96016194171784
2020-10-10 10:50:17.552340,12.195849096311958
2020-10-11 10:50:17.552340,11.96132803697645
2020-10-12 10:50:17.552340,11.355534749695593
2020-10-13 10:50:17.552340,10.156514724086044
2020-10-14 10:50:17.552340,11.192434789551665
2020-10-15 10:50:17.552340,11.619546713454755
2020-10-16 10:50:17.552340,13.204376118691156
2020-10-17 10:50:17.552340,11.965116817263963
2020-10-18 10:50:17.552340,11.933132075705085
2020-10-19 10:50:17.552340,11.322294122236775
2020-10-20 10:50:17.552340,10.475559495709637
2020-10-21 10:50:17.552340,11.718227204865583
2020-10-22 10:50:17.552340,11.903668938643786
2020-10-23 10:50:17.552340,12.30371029468844
2020-10-24 10:50:17.552340,11.539233816346565
2020-10-25 10:50:17.552340,12.413600162307176
2020-10-26 10:50:17.552340,10.565807634491744
2020-10-27 10:50:17.552340,11.277673793277174
2020-10-28 10:50:17.552340,12.163679742853722
2020-10-29 10:50:17.552340,10.951386423191753
2020-10-30 10:50:17.552340,11.541341076889175
2020-10-31 10:50:17.552340,11.95742051702026
2020-11-01 10:50:17.552340,11.371533132695157
2020-11-02 10:50:17.552340,10.399899827663214
2020-11-03 10:50:17.552340,10.924486059116088
2020-11-04 10:50:17.552340,10.440751622458608
2020-11-05 10:50:17.552340,11.584426593601906
2020-11-06 10:50:17.552340,11.263310612992747
2020-11-07 10:50:17.552340,12.578685297948592
2020-11-08 10:50:17.552340,11.125392237740217
2020-11-09 10:50:17.552340,10.905608266951203
2020-11-10 10:50:17.552340,11.186065807992883
2020-11-11 10:50:17.552340,10.24330536544946
2020-11-12 10:50:17.552340,11.345962749923732
2020-11-13 10:50:17.552340,12.25900247610666
2020-11-14 10:50:17.552340,10.88022906619939
2020-11-15 10:50:17.552340,11.487471513869366
2020-11-16 10:50:17.552340,11.072638756277549
2020-11-17 10:50:17.552340,11.04423973901869
2020-11-18 10:50:17.552340,10.112286781765647
2020-11-19 10:50:17.552340,10.442073930930789
2020-11-20 10:50:17.552340,11.734558088890603
2020-11-21 10:50:17.552340,11.698748457367799
2020-11-22 10:50:17.552340,11.38485870944038
2020-11-23 10:50:17.552340,10.97859499979568
2020-11-24 10:50:17.552340,10.174249416987136
2020-11-25 10:50:17.552340,10.706127017324587
2020-11-26 10:50:17.552340,11.106426183091648
2020-11-27 10:50:17.552340,10.972394593031465
2020-11-28 10:50:17.552340,12.337567744353418
2020-11-29 10:50:17.552340,11.34944103174983
2020-11-30 10:50:17.552340,10.061166347460585
2020-12-01 10:50:17.552340,10.692568126224401
2020-12-02 10:50:17.552340,9.951319070088408
2020-12-03 10:50:17.552340,11.200770432212446
2020-12-04 10:50:17.552340,11.754933369606825
2020-12-05 10:50:17.552340,10.839180725731307
2020-12-06 10:50:17.552340,11.437879536680573
2020-12-07 10:50:17.552340,10.705750699532041
2020-12-08 10:50:17.552340,10.616788849033922
2020-12-09 10:50:17.552340,11.227499537130175
2020-12-10 10:50:17.552340,10.524003596281608
2020-12-11 10:50:17.552340,10.637314383579266
2020-12-12 10:50:17.552340,10.642440169232364
2020-12-13 10:50:17.552340,10.385141952177385
2020-12-14 10:50:17.552340,10.296896880349912
2020-12-15 10:50:17.552340,10.211706112369024
2020-12-16 10:50:17.552340,10.252155851071075
2020-12-17 10:50:17.552340,10.894385123573583
2020-12-18 10:50:17.552340,10.85422026634865
2020-12-19 10:50:17.552340,11.646995023504957
2020-12-20 10:50:17.552340,10.493295911516018
2020-12-21 10:50:17.552340,11.527709205127188
2020-12-22 10:50:17.552340,10.185793478257292
2020-12-23 10:50:17.552340,9.51676738747388
2020-12-24 10:50:17.552340,9.776642328494246
2020-12-25 10:50:17.552340,10.920063371330796
2020-12-26 10:50:17.552340,10.639470656511946
2020-12-27 10:50:17.552340,10.813518356139129
2020-12-28 10:50:17.552340,10.23511045133685
2020-12-29 10:50:17.552340,9.66743912900443
2020-12-30 10:50:17.552340,9.352923370896391
2020-12-31 10:50:17.552340,9.38577280848138
2021-01-01 10:50:17.552340,10.286864766144925
2021-01-02 10:50:17.552340,11.010937160612562
2021-01-03 10:50:17.552340,10.395394660572274
2021-01-04 10:50:17.552340,9.207799136469493
2021-01-05 10:50:17.552340,9.623021281733358
2021-01-06 10:50:17.552340,9.80200952067618
2021-01-07 10:50:17.552340,9.534804557375429
2021-01-08 10:50:17.552340,10.421080639923728
2021-01-09 10:50:17.552340,10.446549528276696
2021-01-10 10:50:17.552340,9.552233995515877
2021-01-11 10:50:17.552340,9.845649704992802
2021-01-12 10:50:17.552340,9.653678704593577
2021-01-13 10:50:17.552340,9.98855195153738
2021-01-14 10:50:17.552340,10.342181187148338
2021-01-15 10:50:17.552340,9.494852926914241
2021-01-16 10:50:17.552340,9.788975789697268
2021-01-17 10:50:17.552340,10.222704225164719
2021-01-18 10:50:17.552340,9.766191140276645
2021-01-19 10:50:17.552340,9.474477185326956
2021-01-20 10:50:17.552340,11.218233471403225
2021-01-21 10:50:17.552340,9.946790694535954
2021-01-22 10:50:17.552340,10.59880861488201
2021-01-23 10:50:17.552340,10.58354892785941
2021-01-24 10:50:17.552340,10.140911761344393
2021-01-25 10:50:17.552340,9.203110743515087
2021-01-26 10:50:17.552340,9.44935023944707
2021-01-27 10:50:17.552340,8.759879486836905
2021-01-28 10:50:17.552340,9.398919131781847
2021-01-29 10:50:17.552340,9.64593172984653
2021-01-30 10:50:17.552340,10.006723147345362
2021-01-31 10:50:17.552340,10.833478893674592
2021-02-01 10:50:17.552340,8.289786305433227
2021-02-02 10:50:17.552340,9.277453424051908
2021-02-03 10:50:17.552340,8.206219595782066
2021-02-04 10:50:17.552340,9.149518709373845
2021-02-05 10:50:17.552340,10.303158257096024
2021-02-06 10:50:17.552340,9.86995070073819
2021-02-07 10:50:17.552340,9.011298325195177
2021-02-08 10:50:17.552340,8.74182538119842
2021-02-09 10:50:17.552340,9.15225790402687
2021-02-10 10:50:17.552340,8.52764680355851
2021-02-11 10:50:17.552340,9.376122305915356
2021-02-12 10:50:17.552340,9.666071282901607
2021-02-13 10:50:17.552340,9.398844561732327
2021-02-14 10:50:17.552340,10.511245386417453
2021-02-15 10:50:17.552340,9.30784422884517
2021-02-16 10:50:17.552340,7.693635660385815
2021-02-17 10:50:17.552340,8.882180537765167
2021-02-18 10:50:17.552340,8.83553256715925
2021-02-19 10:50:17.552340,9.97047782287502
2021-02-20 10:50:17.552340,9.231835915691818
2021-02-21 10:50:17.552340,9.287864446357373
2021-02-22 10:50:17.552340,9.151876734484789
2021-02-23 10:50:17.552340,9.050152503713802
2021-02-24 10:50:17.552340,8.10247246758507
2021-02-25 10:50:17.552340,8.915470802146611
2021-02-26 10:50:17.552340,9.225740663353127
2021-02-27 10:50:17.552340,9.223067800961967
2021-02-28 10:50:17.552340,10.152306519089018
2021-03-01 10:50:17.552340,9.028957109273533
2021-03-02 10:50:17.552340,7.916677531762068
2021-03-03 10:50:17.552340,9.094181888729759
2021-03-04 10:50:17.552340,10.07923877729181
2021-03-05 10:50:17.552340,9.917716763025348
2021-03-06 10:50:17.552340,8.731171504603617
2021-03-07 10:50:17.552340,8.971460545299177
2021-03-08 10:50:17.552340,9.406814127897086
2021-03-09 10:50:17.552340,8.143090339043411
2021-03-10 10:50:17.552340,8.809897739033966
2021-03-11 10:50:17.552340,9.361163776836092
2021-03-12 10:50:17.552340,8.896670470775351
2021-03-13 10:50:17.552340,9.422726548001872
2021-03-14 10:50:17.552340,7.557572593562856
2021-03-15 10:50:17.552340,8.228803248927392
2021-03-16 10:50:17.552340,8.34130234600649
2021-03-17 10:50:17.552340,7.93779272079121
2021-03-18 10:50:17.552340,9.76679482994824
2021-03-19 10:50:17.552340,8.624863887941617
2021-03-20 10:50:17.552340,9.215331691296853
2021-03-21 10:50:17.552340,9.229515586392495
2021-03-22 10:50:17.552340,9.450654650114556
2021-03-23 10:50:17.552340,7.741764846996617
2021-03-24 10:50:17.552340,9.138470001483668
2021-03-25 10:50:17.552340,8.954008665815364
2021-03-26 10:50:17.552340,8.850586265009866
2021-03-27 10:50:17.552340,9.670917734773257
2021-03-28 10:50:17.552340,9.27129533062298
2021-03-29 10:50:17.552340,8.44063902588191
2021-03-30 10:50:17.552340,8.50843592811173
2021-03-31 10:50:17.552340,8.381179103100635
2021-04-01 10:50:17.552340,9.025705784887432
2021-04-02 10:50:17.552340,9.695565572586812
2021-04-03 10:50:17.552340,10.259135265368178
2021-04-04 10:50:17.552340,8.582215436006432
2021-04-05 10:50:17.552340,9.839713407709715
2021-04-06 10:50:17.552340,7.533025589425353
2021-04-07 10:50:17.552340,8.536556185291078
2021-04-08 10:50:17.552340,9.304788742401447
2021-04-09 10:50:17.552340,9.549740449858515
2021-04-10 10:50:17.552340,9.202572782849018
2021-04-11 10:50:17.552340,9.147898397338825
2021-04-12 10:50:17.552340,8.580561587607509
2021-04-13 10:50:17.552340,8.271268890994257
2021-04-14 10:50:17.552340,9.097134561752217
2021-04-15 10:50:17.552340,9.252011327302558
2021-04-16 10:50:17.552340,9.128636607218624
2021-04-17 10:50:17.552340,10.032526710904497
2021-04-18 10:50:17.552340,9.477353876504317
2021-04-19 10:50:17.552340,9.30816022128134
2021-04-20 10:50:17.552340,8.95833659498201
2021-04-21 10:50:17.552340,8.33829113375808
2021-04-22 10:50:17.552340,8.876731980760129
2021-04-23 10:50:17.552340,9.934899635044983
2021-04-24 10:50:17.552340,9.976893722872104
2021-04-25 10:50:17.552340,9.405032567879575
2021-04-26 10:50:17.552340,9.054945747695601
2021-04-27 10:50:17.552340,9.37965655314215
2021-04-28 10:50:17.552340,8.557028490142926
2021-04-29 10:50:17.552340,9.53309412089933
2021-04-30 10:50:17.552340,9.565549790542892
2021-05-01 10:50:17.552340,9.670903807062151
2021-05-02 10:50:17.552340,10.075521540002702
2021-05-03 10:50:17.552340,9.522224532128842
2021-05-04 10:50:17.552340,9.263367633248453
2021-05-05 10:50:17.552340,9.623865805578879
2021-05-06 10:50:17.552340,9.390851427276615
2021-05-07 10:50:17.552340,10.13088615013119
2021-05-08 10:50:17.552340,9.750300933759164
2021-05-09 10:50:17.552340,9.816298714386528
2021-05-10 10:50:17.552340,9.174885231478566
2021-05-11 10:50:17.552340,9.037873933088251
2021-05-12 10:50:17.552340,9.403754853525657
2021-05-13 10:50:17.552340,9.108539298626983
2021-05-14 10:50:17.552340,10.975616355822915
2021-05-15 10:50:17.552340,9.544113663514619
2021-05-16 10:50:17.552340,9.190945687172121
2021-05-17 10:50:17.552340,9.964933855488882
2021-05-18 10:50:17.552340,9.533186332293207
2021-05-19 10:50:17.552340,9.568232219042693
2021-05-20 10:50:17.552340,9.983794262259662
2021-05-21 10:50:17.552340,10.07720547379853
2021-05-22 10:50:17.552340,9.754293389637661
2021-05-23 10:50:17.552340,9.99358981600572
2021-05-24 10:50:17.552340,9.206751123910822
2021-05-25 10:50:17.552340,9.78613059073022
2021-05-26 10:50:17.552340,9.345577174281788
2021-05-27 10:50:17.552340,9.421479408553346
2021-05-28 10:50:17.552340,10.088870016792953
2021-05-29 10:50:17.552340,10.577202108974276
2021-05-30 10:50:17.552340,9.843176478303775
2021-05-31 10:50:17.552340,9.305061638328564
2021-06-01 10:50:17.552340,9.592695611051566
2021-06-02 10:50:17.552340,9.715264215776854
2021-06-03 10:50:17.552340,9.755777214416792
2021-06-04 10:50:17.552340,10.190361857215088
2021-06-05 10:50:17.552340,10.664327863049794
2021-06-06 10:50:17.552340,9.579762329559253
2021-06-07 10:50:17.552340,9.19235536517262
2021-06-08 10:50:17.552340,9.292645078482508
2021-06-09 10:50:17.552340,9.668122076745883
2021-06-10 10:50:17.552340,10.347766305878118
2021-06-11 10:50:17.552340,11.347571002069719
2021-06-12 10:50:17.552340,11.162041635171981
2021-06-13 10:50:17.552340,10.409589827376873
2021-06-14 10:50:17.552340,10.073127769944175
2021-06-15 10:50:17.552340,9.337893289153584
2021-06-16 10:50:17.552340,9.953569939225428
2021-06-17 10:50:17.552340,10.236601837438515
2021-06-18 10:50:17.552340,10.960456104738963
2021-06-19 10:50:17.552340,10.509332924444971
2021-06-20 10:50:17.552340,10.939448750491009
2021-06-21 10:50:17.552340,11.039648604273298
2021-06-22 10:50:17.552340,9.975794961996465
2021-06-23 10:50:17.552340,10.35502003114846
2021-06-24 10:50:17.552340,10.917608126005344
2021-06-25 10:50:17.552340,10.79030550529111
2021-06-26 10:50:17.552340,11.22697406684631
2021-06-27 10:50:17.552340,10.878158158616662
2021-06-28 10:50:17.552340,10.514257187399837
2021-06-29 10:50:17.552340,9.835810134650586
2021-06-30 10:50:17.552340,10.35850572208381
2021-07-01 10:50:17.552340,11.013514705492504
2021-07-02 10:50:17.552340,11.90830646179562
2021-07-03 10:50:17.552340,11.786168212234921
2021-07-04 10:50:17.552340,12.139790849858924
2021-07-05 10:50:17.552340,10.272762421433812
2021-07-06 10:50:17.552340,10.849118618815119
2021-07-07 10:50:17.552340,10.628138038835335
2021-07-08 10:50:17.552340,12.049153599128797
2021-07-09 10:50:17.552340,10.967789446195498
2021-07-10 10:50:17.552340,11.075290511921377
2021-07-11 10:50:17.552340,10.951484153000948
2021-07-12 10:50:17.552340,9.781779123086682
2021-07-13 10:50:17.552340,10.336629411149033
2021-07-14 10:50:17.552340,10.342655297240006
2021-07-15 10:50:17.552340,11.214357954958047
2021-07-16 10:50:17.552340,11.726828460332348
2021-07-17 10:50:17.552340,12.616300573596511
2021-07-18 10:50:17.552340,11.908457117195317
2021-07-19 10:50:17.552340,10.73629034121351
2021-07-20 10:50:17.552340,10.330215002564348
2021-07-21 10:50:17.552340,11.146946959372288
2021-07-22 10:50:17.552340,10.656610970744122
2021-07-23 10:50:17.552340,12.647997927775746
2021-07-24 10:50:17.552340,12.442956009501954
2021-07-25 10:50:17.552340,11.372332437239546
2021-07-26 10:50:17.552340,10.340456185783523
2021-07-27 10:50:17.552340,11.62719838176615
2021-07-28 10:50:17.552340,11.013068668789591
2021-07-29 10:50:17.552340,12.103451536697046
2021-07-30 10:50:17.552340,11.101288792848846
2021-07-31 10:50:17.552340,11.718154936986512
2021-08-01 10:50:17.552340,11.772475667667248
2021-08-02 10:50:17.552340,11.381729485920966
2021-08-03 10:50:17.552340,10.884683019871863
2021-08-04 10:50:17.552340,11.539411100932528
2021-08-05 10:50:17.552340,11.106531387135147
2021-08-06 10:50:17.552340,11.981219021977203
2021-08-07 10:50:17.552340,12.229962131703129
2021-08-08 10:50:17.552340,12.177069204546937
2021-08-09 10:50:17.552340,11.862025662802875
2021-08-10 10:50:17.552340,10.693316369768981
2021-08-11 10:50:17.552340,10.604753504814632
2021-08-12 10:50:17.552340,12.420868054984263
2021-08-13 10:50:17.552340,12.358078823974104
2021-08-14 10:50:17.552340,11.9328711813524
2021-08-15 10:50:17.552340,12.830475714084283
2021-08-16 10:50:17.552340,11.696818676248604
2021-08-17 10:50:17.552340,11.975726408747397
2021-08-18 10:50:17.552340,11.533652255020723
2021-08-19 10:50:17.552340,12.938093509856152
2021-08-20 10:50:17.552340,13.19285578692978
2021-08-21 10:50:17.552340,12.303436451537072
2021-08-22 10:50:17.552340,12.658997419241114
2021-08-23 10:50:17.552340,12.077458043894957
2021-08-24 10:50:17.552340,12.183627897075274
2021-08-25 10:50:17.552340,11.128081033173057
2021-08-26 10:50:17.552340,12.35878109593476
2021-08-27 10:50:17.552340,12.949790893409459
2021-08-28 10:50:17.552340,11.651271712020728
2021-08-29 10:50:17.552340,11.68160823277275
2021-08-30 10:50:17.552340,10.832455911450047
2021-08-31 10:50:17.552340,11.459161595266183
2021-09-01 10:50:17.552340,12.061093140156729
2021-09-02 10:50:17.552340,12.855915708951041
2021-09-03 10:50:17.552340,12.543787467828972
2021-09-04 10:50:17.552340,13.42826814455653
2021-09-05 10:50:17.552340,11.663641885975618
2021-09-06 10:50:17.552340,11.077951685206374
2021-09-07 10:50:17.552340,11.64075826996508
2021-09-08 10:50:17.552340,11.966099330276961
2021-09-09 10:50:17.552340,12.157194039284525
2021-09-10 10:50:17.552340,11.5388659164571
2021-09-11 10:50:17.552340,12.63227379717534
2021-09-12 10:50:17.552340,11.761342645263461
2021-09-13 10:50:17.552340,12.321360959578733
2021-09-14 10:50:17.552340,11.905696577017158
2021-09-15 10:50:17.552340,11.354963049741219
2021-09-16 10:50:17.552340,11.96440364012706
2021-09-17 10:50:17.552340,12.08772448619726
2021-09-18 10:50:17.552340,12.687177295192518
2021-09-19 10:50:17.552340,12.929761387043868
2021-09-20 10:50:17.552340,11.529196265565838
2021-09-21 10:50:17.552340,12.006869967647935
2021-09-22 10:50:17.552340,11.589131836302284
2021-09-23 10:50:17.552340,11.851161542318128
2021-09-24 10:50:17.552340,12.586975711956907
2021-09-25 10:50:17.552340,12.22095065957566
2021-09-26 10:50:17.552340,12.192313350245005
2021-09-27 10:50:17.552340,11.436959305469555
2021-09-28 10:50:17.552340,12.747938735227013
2021-09-29 10:50:17.552340,11.87951260656118
2021-09-30 10:50:17.552340,11.902247267449273
2021-10-01 10:50:17.552340,12.748886860913194
2021-10-02 10:50:17.552340,12.680710753263078
2021-10-03 10:50:17.552340,12.353857016784538
2021-10-04 10:50:17.552340,12.335091102668967
2021-10-05 10:50:17.552340,12.133350959779435
2021-10-06 10:50:17.552340,11.582569290922113
2021-10-07 10:50:17.552340,11.94706560973579
2021-10-08 10:50:17.552340,12.484169927327812
2021-10-09 10:50:17.552340,11.562656623601677
2021-10-10 10:50:17.552340,11.680442572264637
2021-10-11 10:50:17.552340,12.682106236219768
2021-10-12 10:50:17.552340,12.544719477797184
2021-10-13 10:50:17.552340,11.687930526814268
2021-10-14 10:50:17.552340,12.48488595003815
2021-10-15 10:50:17.552340,12.735972426990019
2021-10-16 10:50:17.552340,14.208743681533042
2021-10-17 10:50:17.552340,12.950562668839698
2021-10-18 10:50:17.552340,11.884515869680374
2021-10-19 10:50:17.552340,11.191357700257047
2021-10-20 10:50:17.552340,10.95322356924752
2021-10-21 10:50:17.552340,12.239463356775698
2021-10-22 10:50:17.552340,12.14044279089227
2021-10-23 10:50:17.552340,11.893615681224984
2021-10-24 10:50:17.552340,12.00011901509054
2021-10-25 10:50:17.552340,11.337545265914388
2021-10-26 10:50:17.552340,12.43978189689203
2021-10-27 10:50:17.552340,12.121613339708645
2021-10-28 10:50:17.552340,12.055381350524424
2021-10-29 10:50:17.552340,13.177542396436124
2021-10-30 10:50:17.552340,12.55972231037127
2021-10-31 10:50:17.552340,11.806430647280159
2021-11-01 10:50:17.552340,12.550949259270524
2021-11-02 10:50:17.552340,11.774164478506474
2021-11-03 10:50:17.552340,11.068129709406739
2021-11-04 10:50:17.552340,11.867649881513874
2021-11-05 10:50:17.552340,11.90073699282594
2021-11-06 10:50:17.552340,11.72817107948438
2021-11-07 10:50:17.552340,12.596284782673532
2021-11-08 10:50:17.552340,12.637843465025856
2021-11-09 10:50:17.552340,10.69683315161234
2021-11-10 10:50:17.552340,11.757340032510218
2021-11-11 10:50:17.552340,11.524331980339532
2021-11-12 10:50:17.552340,11.97958583197332
2021-11-13 10:50:17.552340,12.00578235170291
2021-11-14 10:50:17.552340,11.581453212107968
2021-11-15 10:50:17.552340,11.585531659458065
2021-11-16 10:50:17.552340,10.856700214415689
2021-11-17 10:50:17.552340,11.48510493087685
2021-11-18 10:50:17.552340,11.696558823714122
2021-11-19 10:50:17.552340,11.973743955273731
2021-11-20 10:50:17.552340,11.716353689918256
2021-11-21 10:50:17.552340,11.591348368934918
2021-11-22 10:50:17.552340,11.803424158062759
2021-11-23 10:50:17.552340,11.385307402327257
2021-11-24 10:50:17.552340,10.722032370233995
2021-11-25 10:50:17.552340,11.630582062692687
2021-11-26 10:50:17.552340,12.326499249362215
2021-11-27 10:50:17.552340,11.191415876340862
2021-11-28 10:50:17.552340,12.005838498438871
2021-11-29 10:50:17.552340,10.947328952703465
2021-11-30 10:50:17.552340,11.27159534382636
2021-12-01 10:50:17.552340,10.679209958493129
2021-12-02 10:50:17.552340,10.527134596103814
2021-12-03 10:50:17.552340,10.98437265263366
2021-12-04 10:50:17.552340,11.896226268290722
2021-12-05 10:50:17.552340,11.708861049235777
2021-12-06 10:50:17.552340,10.670149420388674
2021-12-07 10:50:17.552340,11.148134378920343
2021-12-08 10:50:17.552340,10.071546952759077
2021-12-09 10:50:17.552340,11.236978887713565
2021-12-10 10:50:17.552340,11.032105295635828
2021-12-11 10:50:17.552340,11.384812626713835
2021-12-12 10:50:17.552340,11.440374633171192
2021-12-13 10:50:17.552340,10.528956672900579
2021-12-14 10:50:17.552340,10.472647876409916
2021-12-15 10:50:17.552340,11.240824744424806
2021-12-16 10:50:17.552340,10.816280257878507
2021-12-17 10:50:17.552340,11.889555296322156
2021-12-18 10:50:17.552340,10.9794141079378
2021-12-19 10:50:17.552340,11.514607987351837
2021-12-20 10:50:17.552340,11.512524899346412
2021-12-21 10:50:17.552340,9.261280285236595
2021-12-22 10:50:17.552340,10.171060391496448
2021-12-23 10:50:17.552340,11.224797970506323
2021-12-24 10:50:17.552340,11.201481625737328
2021-12-25 10:50:17.552340,11.560948315251753
2021-12-26 10:50:17.552340,10.77868736928484
2021-12-27 10:50:17.552340,10.665929263711972
2021-12-28 10:50:17.552340,10.250130934821899
2021-12-29 10:50:17.552340,10.984292831019662
2021-12-30 10:50:17.552340,10.894446392815192
2021-12-31 10:50:17.552340,11.302913493095913
2022-01-01 10:50:17.552340,11.000731973974094
2022-01-02 10:50:17.552340,10.668412564882466
2022-01-03 10:50:17.552340,10.238184955479786
2022-01-04 10:50:17.552340,10.357372510482497
2022-01-05 10:50:17.552340,10.022486793254535
2022-01-06 10:50:17.552340,10.74515400049398
2022-01-07 10:50:17.552340,12.005349416032736
2022-01-08 10:50:17.552340,11.476328653523716
2022-01-09 10:50:17.552340,10.583911316437646
2022-01-10 10:50:17.552340,10.890442366395623
2022-01-11 10:50:17.552340,9.792196251775751
2022-01-12 10:50:17.552340,9.050772388677427
2022-01-13 10:50:17.552340,9.933898915725031
2022-01-14 10:50:17.552340,9.870799941851969
2022-01-15 10:50:17.552340,10.70447908372904
2022-01-16 10:50:17.552340,10.59657541271746
2022-01-17 10:50:17.552340,10.969521508580497
2022-01-18 10:50:17.552340,10.002239765170476
2022-01-19 10:50:17.552340,9.803951292626396
2022-01-20 10:50:17.552340,10.697486257901588
2022-01-21 10:50:17.552340,9.546693525919409
2022-01-22 10:50:17.552340,10.845381288702894
2022-01-23 10:50:17.552340,10.821458556524133
2022-01-24 10:50:17.552340,9.242039273683998
2022-01-25 10:50:17.552340,10.262100300906583
2022-01-26 10:50:17.552340,9.935662047804524
2022-01-27 10:50:17.552340,9.929563878389324
2022-01-28 10:50:17.552340,10.824635109439015
2022-01-29 10:50:17.552340,11.720508147520189
2022-01-30 10:50:17.552340,10.386197118649354
2022-01-31 10:50:17.552340,9.966376164370445
2022-02-01 10:50:17.552340,9.323216365426857
2022-02-02 10:50:17.552340,9.20594935898913
2022-02-03 10:50:17.552340,10.418661180883033
2022-02-04 10:50:17.552340,9.948358470548136
2022-02-05 10:50:17.552340,10.491014292078933
2022-02-06 10:50:17.552340,9.928459881275757
2022-02-07 10:50:17.552340,9.955776887915468
2022-02-08 10:50:17.552340,9.595786201939747
2022-02-09 10:50:17.552340,10.027777216545385
2022-02-10 10:50:17.552340,9.62873766122371
2022-02-11 10:50:17.552340,10.123871284711683
2022-02-12 10:50:17.552340,9.850451719915455
2022-02-13 10:50:17.552340,9.831976018965051
2022-02-14 10:50:17.552340,9.794039849159683
2022-02-15 10:50:17.552340,9.698856939476716
2022-02-16 10:50:17.552340,8.941672506482702
2022-02-17 10:50:17.552340,10.214672081667286
2022-02-18 10:50:17.552340,10.835160470179959
2022-02-19 10:50:17.552340,10.447526821945667
2022-02-20 10:50:17.552340,10.895972104655074
2022-02-21 10:50:17.552340,9.124454328421514
2022-02-22 10:50:17.552340,8.60653365680672
2022-02-23 10:50:17.552340,8.424462997033494
2022-02-24 10:50:17.552340,10.441558568091539
2022-02-25 10:50:17.552340,10.400819989478144
2022-02-26 10:50:17.552340,10.131969198335282
2022-02-27 10:50:17.552340,10.019194643876624
2022-02-28 10:50:17.552340,8.872951136181756
2022-03-01 10:50:17.552340,10.37882015706933
2022-03-02 10:50:17.552340,9.308278314774086
2022-03-03 10:50:17.552340,9.680864053738851
2022-03-04 10:50:17.552340,10.371959731968857
2022-03-05 10:50:17.552340,10.33853696347503
2022-03-06 10:50:17.552340,9.932276413188037
2022-03-07 10:50:17.552340,8.984456614892084
2022-03-08 10:50:17.552340,9.338570645339642
2022-03-09 10:50:17.552340,10.134485534947196
2022-03-10 10:50:17.552340,10.251613789272369
2022-03-11 10:50:17.552340,10.761355804675146
2022-03-12 10:50:17.552340,9.801076083205706
2022-03-13 10:50:17.552340,9.28716472937139
2022-03-14 10:50:17.552340,9.281429064430018
2022-03-15 10:50:17.552340,9.098337439206755
2022-03-16 10:50:17.552340,9.71123039579545
2022-03-17 10:50:17.552340,8.706367738150242
2022-03-18 10:50:17.552340,10.70628007894673
2022-03-19 10:50:17.552340,9.957478842489332
2022-03-20 10:50:17.552340,9.551391313139503
2022-03-21 10:50:17.552340,8.824209371001816
2022-03-22 10:50:17.552340,8.232067583116478
2022-03-23 10:50:17.552340,9.567829429424188
2022-03-24 10:50:17.552340,9.584462850234386
2022-03-25 10:50:17.552340,9.294827426669032
2022-03-26 10:50:17.552340,9.390349419358941
2022-03-27 10:50:17.552340,9.601451561464437
2022-03-28 10:50:17.552340,10.172392506363353
2022-03-29 10:50:17.552340,8.940429702247362
2022-03-30 10:50:17.552340,8.418511623914556
2022-03-31 10:50:17.552340,9.441880110722536
2022-04-01 10:50:17.552340,9.823501068621999
2022-04-02 10:50:17.552340,8.712605128712408
2022-04-03 10:50:17.552340,9.76845733750448
2022-04-04 10:50:17.552340,9.251772181197992
2022-04-05 10:50:17.552340,9.450777816256153
2022-04-06 10:50:17.552340,10.130095751516162
2022-04-07 10:50:17.552340,10.166646988816726
2022-04-08 10:50:17.552340,9.867101535115742
2022-04-09 10:50:17.552340,9.552529776477053
2022-04-10 10:50:17.552340,11.13008035785209
2022-04-11 10:50:17.552340,9.447685000407132
2022-04-12 10:50:17.552340,9.163504614361266
2022-04-13 10:50:17.552340,9.25043694076827
2022-04-14 10:50:17.552340,9.762291634859661
2022-04-15 10:50:17.552340,9.992239119592075
2022-04-16 10:50:17.552340,9.884808616265724
2022-04-17 10:50:17.552340,9.63877521603553
2022-04-18 10:50:17.552340,9.473443741840464
2022-04-19 10:50:17.552340,8.959494689762838
2022-04-20 10:50:17.552340,8.98364749753853
2022-04-21 10:50:17.552340,9.796919494299088
2022-04-22 10:50:17.552340,10.020249633382198
2022-04-23 10:50:17.552340,11.0097975416316
2022-04-24 10:50:17.552340,8.67570159942673
2022-04-25 10:50:17.552340,10.12735305170533
2022-04-26 10:50:17.552340,9.948802565757903
2022-04-27 10:50:17.552340,8.400677203900724
2022-04-28 10:50:17.552340,9.672386128754672
2022-04-29 10:50:17.552340,10.064740738550404
2022-04-30 10:50:17.552340,9.659438484257842
2022-05-01 10:50:17.552340,9.720313978348198
2022-05-02 10:50:17.552340,9.136961452158644
2022-05-03 10:50:17.552340,10.31512949281451
2022-05-04 10:50:17.552340,10.02100022667872
2022-05-05 10:50:17.552340,10.597819690732852
2022-05-06 10:50:17.552340,10.73210127971588
2022-05-07 10:50:17.552340,9.921931993731981
2022-05-08 10:50:17.552340,9.97265209238389
2022-05-09 10:50:17.552340,10.065019079638692
2022-05-10 10:50:17.552340,8.958370767684288
2022-05-11 10:50:17.552340,10.04242338053497
2022-05-12 10:50:17.552340,9.976929382962169
2022-05-13 10:50:17.552340,10.321154977702951
2022-05-14 10:50:17.552340,10.98145091693883
2022-05-15 10:50:17.552340,10.59873192347538
2022-05-16 10:50:17.552340,9.783673171538872
2022-05-17 10:50:17.552340,10.295021233888816
2022-05-18 10:50:17.552340,9.29337153636867
2022-05-19 10:50:17.552340,10.55505585522272
2022-05-20 10:50:17.552340,10.957087877845723
2022-05-21 10:50:17.552340,10.625103855421901
2022-05-22 10:50:17.552340,10.69546499996954
2022-05-23 10:50:17.552340,9.496247009598658
2022-05-24 10:50:17.552340,10.33682340273819
2022-05-25 10:50:17.552340,9.90266787065672
2022-05-26 10:50:17.552340,10.148660096007307
2022-05-27 10:50:17.552340,11.349648361102057
2022-05-28 10:50:17.552340,10.59393930720499
2022-05-29 10:50:17.552340,9.995983647122594
2022-05-30 10:50:17.552340,9.512840428826284
2022-05-31 10:50:17.552340,10.34865472525247
2022-06-01 10:50:17.552340,9.527185543914369
2022-06-02 10:50:17.552340,11.46109376244868
2022-06-03 10:50:17.552340,9.959199839394522
2022-06-04 10:50:17.552340,11.970657409026167
2022-06-05 10:50:17.552340,10.983289541440156
2022-06-06 10:50:17.552340,10.421564205255168
2022-06-07 10:50:17.552340,9.953105622424287
2022-06-08 10:50:17.552340,10.547983461141653
2022-06-09 10:50:17.552340,10.746944042623383
2022-06-10 10:50:17.552340,11.73487920532143
2022-06-11 10:50:17.552340,11.36355493278287
2022-06-12 10:50:17.552340,11.137840617769784
2022-06-13 10:50:17.552340,10.473869247134132
2022-06-14 10:50:17.552340,10.383640975502866
2022-06-15 10:50:17.552340,10.689607070775406
2022-06-16 10:50:17.552340,10.098658052127288
2022-06-17 10:50:17.552340,10.69775418707972
2022-06-18 10:50:17.552340,11.867277086438174
2022-06-19 10:50:17.552340,11.337859028752991
2022-06-20 10:50:17.552340,10.753900086076559
2022-06-21 10:50:17.552340,10.61197402777255
2022-06-22 10:50:17.552340,10.900514103762609
2022-06-23 10:50:17.552340,10.87520007117828
2022-06-24 10:50:17.552340,11.17429950868263
2022-06-25 10:50:17.552340,11.785386583639745
2022-06-26 10:50:17.552340,10.955219350601435
2022-06-27 10:50:17.552340,11.242104596965447
2022-06-28 10:50:17.552340,9.943605249474365
2022-06-29 10:50:17.552340,11.433441060098058
2022-06-30 10:50:17.552340,11.573465117394889
2022-07-01 10:50:17.552340,11.883446168260726
2022-07-02 10:50:17.552340,12.37062836472776
2022-07-03 10:50:17.552340,12.468747934891464
2022-07-04 10:50:17.552340,11.736500914494663
2022-07-05 10:50:17.552340,10.06547700067987
2022-07-06 10:50:17.552340,10.469718031943831
2022-07-07 10:50:17.552340,11.214973488352346
2022-07-08 10:50:17.552340,11.958213398859364
2022-07-09 10:50:17.552340,12.327316313964541
2022-07-10 10:50:17.552340,11.461757439902904
2022-07-11 10:50:17.552340,11.51068011884395
2022-07-12 10:50:17.552340,10.7955134325328
2022-07-13 10:50:17.552340,10.990296235350336
2022-07-14 10:50:17.552340,11.00980682082675
2022-07-15 10:50:17.552340,11.668460179898478
2022-07-16 10:50:17.552340,11.576656384492518
2022-07-17 10:50:17.552340,11.519756440967779
2022-07-18 10:50:17.552340,12.126182357288661
2022-07-19 10:50:17.552340,10.879520638096606
2022-07-20 10:50:17.552340,12.792161585514071
2022-07-21 10:50:17.552340,12.138562065293518
2022-07-22 10:50:17.552340,12.400061377335911
2022-07-23 10:50:17.552340,11.999637869614856
2022-07-24 10:50:17.552340,12.532868802313638
2022-07-25 10:50:17.552340,11.485217611055434
2022-07-26 10:50:17.552340,11.587506271119516
2022-07-27 10:50:17.552340,12.92685267867472
2022-07-28 10:50:17.552340,12.013224382787607
2022-07-29 10:50:17.552340,13.050095785087187
2022-07-30 10:50:17.552340,12.24346262453999
2022-07-31 10:50:17.552340,12.32982611668281
2022-08-01 10:50:17.552340,12.821370396508337
2022-08-02 10:50:17.552340,11.374233573612551
2022-08-03 10:50:17.552340,12.712488249466826
2022-08-04 10:50:17.552340,12.572777843720548
2022-08-05 10:50:17.552340,12.35002395511332
2022-08-06 10:50:17.552340,13.065160848872507
2022-08-07 10:50:17.552340,12.98556945412845
2022-08-08 10:50:17.552340,12.396871029508613
2022-08-09 10:50:17.552340,11.05058377728106
2022-08-10 10:50:17.552340,11.588617042632352
2022-08-11 10:50:17.552340,12.238967013640659
2022-08-12 10:50:17.552340,12.735728670718999
2022-08-13 10:50:17.552340,13.198806081616572
2022-08-14 10:50:17.552340,12.725442863565219
2022-08-15 10:50:17.552340,11.553343807850398
2022-08-16 10:50:17.552340,12.158558198073022
2022-08-17 10:50:17.552340,12.387918904214297
2022-08-18 10:50:17.552340,12.770703979515192
2022-08-19 10:50:17.552340,13.439025651426492
2022-08-20 10:50:17.552340,13.42869465783953
2022-08-21 10:50:17.552340,12.986986478858704
2022-08-22 10:50:17.552340,12.304245348917064
2022-08-23 10:50:17.552340,11.253767515812244
2022-08-24 10:50:17.552340,12.410669442732278
2022-08-25 10:50:17.552340,12.705302348278666
2022-08-26 10:50:17.552340,13.142460525767254
2022-08-27 10:50:17.552340,12.478752576931418
2022-08-28 10:50:17.552340,12.319591098496046
2022-08-29 10:50:17.552340,12.965930176654567
2022-08-30 10:50:17.552340,12.161772336869648
2022-08-31 10:50:17.552340,12.631163576031655
2022-09-01 10:50:17.552340,12.707396941557953
2022-09-02 10:50:17.552340,13.110530993884897
2022-09-03 10:50:17.552340,13.672430195463987
2022-09-04 10:50:17.552340,12.685415921130087
2022-09-05 10:50:17.552340,12.567869264436032
2022-09-06 10:50:17.552340,12.0279831739993
2022-09-07 10:50:17.552340,12.147832220554108
2022-09-08 10:50:17.552340,12.610396285306962
2022-09-09 10:50:17.552340,13.275524040382429
2022-09-10 10:50:17.552340,13.02976087050218
2022-09-11 10:50:17.552340,13.634189793186348
2022-09-12 10:50:17.552340,12.132390005288588
2022-09-13 10:50:17.552340,12.222566776550895
2022-09-14 10:50:17.552340,12.199080139688554
2022-09-15 10:50:17.552340,13.539307626315791
2022-09-16 10:50:17.552340,13.310530228285204
2022-09-17 10:50:17.552340,13.829801731732948
2022-09-18 10:50:17.552340,12.305214570778478
2022-09-19 10:50:17.552340,12.751831620610329
2022-09-20 10:50:17.552340,12.796352600013185
2022-09-21 10:50:17.552340,12.492536919383623
2022-09-22 10:50:17.552340,13.377916574255204
2022-09-23 10:50:17.552340,12.979869474633098
2022-09-24 10:50:17.552340,14.041712826883888
2022-09-25 10:50:17.552340,14.217498796062847
2022-09-26 10:50:17.552340,12.453834983581217
2022-09-27 10:50:17.552340,12.142624904531468
2022-09-28 10:50:17.552340,13.188816622184566
2022-09-29 10:50:17.552340,13.642582644674672
2022-09-30 10:50:17.552340,12.981595749102924
2022-10-01 10:50:17.552340,13.128351711855075
2022-10-02 10:50:17.552340,12.92546038714612
2022-10-03 10:50:17.552340,11.95823282191646
2022-10-04 10:50:17.552340,11.898159692873019
2022-10-05 10:50:17.552340,11.949074936236665
2022-10-06 10:50:17.552340,12.454836823409346
2022-10-07 10:50:17.552340,13.20854802759877
2022-10-08 10:50:17.552340,13.435351357028795
2022-10-09 10:50:17.552340,13.818345365844355
2022-10-10 10:50:17.552340,12.104977343876946
2022-10-11 10:50:17.552340,12.820308215203669
2022-10-12 10:50:17.552340,12.311789413790667
2022-10-13 10:50:17.552340,12.778632433000274
2022-10-14 10:50:17.552340,13.524932955827602
2022-10-15 10:50:17.552340,12.71553455379401
2022-10-16 10:50:17.552340,13.189986063865291
2022-10-17 10:50:17.552340,12.640117578111361
2022-10-18 10:50:17.552340,12.524178210892668
2022-10-19 10:50:17.552340,12.510260457368046
2022-10-20 10:50:17.552340,13.975012540565764
2022-10-21 10:50:17.552340,12.809777287950437
2022-10-22 10:50:17.552340,12.949667900890413
2022-10-23 10:50:17.552340,12.62265018627935
2022-10-24 10:50:17.552340,12.211783158514129
2022-10-25 10:50:17.552340,11.889103617536183
2022-10-26 10:50:17.552340,12.88726755976639
2022-10-27 10:50:17.552340,13.381961326462871
2022-10-28 10:50:17.552340,12.76491026554201
2022-10-29 10:50:17.552340,12.717940755295906
2022-10-30 10:50:17.552340,13.086223848208583
2022-10-31 10:50:17.552340,12.127077486686229
2022-11-01 10:50:17.552340,12.435331042981312
2022-11-02 10:50:17.552340,12.302719181946694
2022-11-03 10:50:17.552340,11.819796470305352
2022-11-04 10:50:17.552340,13.727487562454737
2022-11-05 10:50:17.552340,13.933033170922986
2022-11-06 10:50:17.552340,12.442654513192235
2022-11-07 10:50:17.552340,12.105461489822117
2022-11-08 10:50:17.552340,12.1555457536211
2022-11-09 10:50:17.552340,12.259893548372315
2022-11-10 10:50:17.552340,12.796043291735346
2022-11-11 10:50:17.552340,13.845671275517653
2022-11-12 10:50:17.552340,12.83122312496556
2022-11-13 10:50:17.552340,12.232308605021013
2022-11-14 10:50:17.552340,11.48990524382309
2022-11-15 10:50:17.552340,11.525283738982562
2022-11-16 10:50:17.552340,11.95216000104119
2022-11-17 10:50:17.552340,13.2380711909798
2022-11-18 10:50:17.552340,12.453787970154636
2022-11-19 10:50:17.552340,12.901660169383291
2022-11-20 10:50:17.552340,12.491401986370581
2022-11-21 10:50:17.552340,12.640046931825607
2022-11-22 10:50:17.552340,13.018672671554555
2022-11-23 10:50:17.552340,11.565962636911776
2022-11-24 10:50:17.552340,11.957006012608131
2022-11-25 10:50:17.552340,13.093912089746615
2022-11-26 10:50:17.552340,12.988299647346366
2022-11-27 10:50:17.552340,13.278950093237421
2022-11-28 10:50:17.552340,12.192238755794337
2022-11-29 10:50:17.552340,11.428472700250705
2022-11-30 10:50:17.552340,11.978171639732839
2022-12-01 10:50:17.552340,12.606107068289848
2022-12-02 10:50:17.552340,12.830732478268768
2022-12-03 10:50:17.552340,12.748329101985782
2022-12-04 10:50:17.552340,12.734999053222472
2022-12-05 10:50:17.552340,12.329763854480323
2022-12-06 10:50:17.552340,12.142865141927492
2022-12-07 10:50:17.552340,11.84974130818337
2022-12-08 10:50:17.552340,11.80966368496915
2022-12-09 10:50:17.552340,12.334291371487874
2022-12-10 10:50:17.552340,12.937416093628135
2022-12-11 10:50:17.552340,11.631740758589174
2022-12-12 10:50:17.552340,11.767128212831913
2022-12-13 10:50:17.552340,11.091971862846744
2022-12-14 10:50:17.552340,11.37584627484913
2022-12-15 10:50:17.552340,12.367820012355233
2022-12-16 10:50:17.552340,12.191191467884027
2022-12-17 10:50:17.552340,12.191475729224585
2022-12-18 10:50:17.552340,11.193817378244534
2022-12-19 10:50:17.552340,11.78894894229026
2022-12-20 10:50:17.552340,11.443960593055865
2022-12-21 10:50:17.552340,12.275278111809893
2022-12-22 10:50:17.552340,11.40653464298922
2022-12-23 10:50:17.552340,12.03675281198203
2022-12-24 10:50:17.552340,12.12424437547111
2022-12-25 10:50:17.552340,12.49357993191568
2022-12-26 10:50:17.552340,11.199148457331699
2022-12-27 10:50:17.552340,11.091623046328564
2022-12-28 10:50:17.552340,11.328466022233085
2022-12-29 10:50:17.552340,11.484622103001966
2022-12-30 10:50:17.552340,11.534934905123356
2022-12-31 10:50:17.552340,11.927705373364383
2023-01-01 10:50:17.552340,12.07296424543307
2023-01-02 10:50:17.552340,10.56507428809561
2023-01-03 10:50:17.552340,10.850426799930922
2023-01-04 10:50:17.552340,10.506634246680635
2023-01-05 10:50:17.552340,11.821418089361096
2023-01-06 10:50:17.552340,10.8295888608879
2023-01-07 10:50:17.552340,11.384736307931128
2023-01-08 10:50:17.552340,11.558850152808045
2023-01-09 10:50:17.552340,11.695801358021189
2023-01-10 10:50:17.552340,10.586438188245012
2023-01-11 10:50:17.552340,10.415182389796792
2023-01-12 10:50:17.552340,12.00132893222065
2023-01-13 10:50:17.552340,10.704850862209625
2023-01-14 10:50:17.552340,10.403341138911767
2023-01-15 10:50:17.552340,11.429720964244284
2023-01-16 10:50:17.552340,10.502455371828804
2023-01-17 10:50:17.552340,9.950164357345331
2023-01-18 10:50:17.552340,10.88950251679497
2023-01-19 10:50:17.552340,11.026317655150425
2023-01-20 10:50:17.552340,10.991659893175534
2023-01-21 10:50:17.552340,10.708657195944832
2023-01-22 10:50:17.552340,11.493280587256567
2023-01-23 10:50:17.552340,10.927242809442431
2023-01-24 10:50:17.552340,10.261222378152105
2023-01-25 10:50:17.552340,11.31008999218384
2023-01-26 10:50:17.552340,10.22228720212824
2023-01-27 10:50:17.552340,10.365360991111356
2023-01-28 10:50:17.552340,10.85883835630215
2023-01-29 10:50:17.552340,10.891846623908133
2023-01-30 10:50:17.552340,10.583049976663904
2023-01-31 10:50:17.552340,10.051125755759982
2023-02-01 10:50:17.552340,10.425472728311002
2023-02-02 10:50:17.552340,9.9960175728603
2023-02-03 10:50:17.552340,11.716291315881548
2023-02-04 10:50:17.552340,11.031873009163196
2023-02-05 10:50:17.552340,11.34335700273121
2023-02-06 10:50:17.552340,10.504767538729672
2023-02-07 10:50:17.552340,10.274141498087026
2023-02-08 10:50:17.552340,10.410387004269243
2023-02-09 10:50:17.552340,10.723777265659045
2023-02-10 10:50:17.552340,11.196022981818833
2023-02-11 10:50:17.552340,11.61993323228149
2023-02-12 10:50:17.552340,10.767572076125196
2023-02-13 10:50:17.552340,10.574740788679813
2023-02-14 10:50:17.552340,9.889999668961483
2023-02-15 10:50:17.552340,10.736969453735666
2023-02-16 10:50:17.552340,10.055474758775885
2023-02-17 10:50:17.552340,11.671255079303885
2023-02-18 10:50:17.552340,10.833810780312193
2023-02-19 10:50:17.552340,9.854899732742664
2023-02-20 10:50:17.552340,10.187742666713888
2023-02-21 10:50:17.552340,9.500301012703693
2023-02-22 10:50:17.552340,10.345730997813687
2023-02-23 10:50:17.552340,9.978426873068436
2023-02-24 10:50:17.552340,10.461360436973576
2023-02-25 10:50:17.552340,9.82541501068524
2023-02-26 10:50:17.552340,10.263086287633854
2023-02-27 10:50:17.552340,8.833386928284686
2023-02-28 10:50:17.552340,8.973222161555924
2023-03-01 10:50:17.552340,10.232699710189953
2023-03-02 10:50:17.552340,10.627483544345884
2023-03-03 10:50:17.552340,10.829811178562853
2023-03-04 10:50:17.552340,10.222136563311807
2023-03-05 10:50:17.552340,10.40365458300357
2023-03-06 10:50:17.552340,9.98464939238569
2023-03-07 10:50:17.552340,9.129989411486356
2023-03-08 10:50:17.552340,10.55108383251213
2023-03-09 10:50:17.552340,10.623070173231563
2023-03-10 10:50:17.552340,10.459337420514053
2023-03-11 10:50:17.552340,10.67475362570962
2023-03-12 10:50:17.552340,10.49035323886292
2023-03-13 10:50:17.552340,8.927215966170934
2023-03-14 10:50:17.552340,9.550211746687408
2023-03-15 10:50:17.552340,9.426031073920411
2023-03-16 10:50:17.552340,9.654240372846527
2023-03-17 10:50:17.552340,10.40296564779868
2023-03-18 10:50:17.552340,11.536896397498099
2023-03-19 10:50:17.552340,10.686382135880198
2023-03-20 10:50:17.552340,9.645358614104264
2023-03-21 10:50:17.552340,9.946030862777835
2023-03-22 10:50:17.552340,10.455721852199227
2023-03-23 10:50:17.552340,10.609476720133623
2023-03-24 10:50:17.552340,10.568534792834285
2023-03-25 10:50:17.552340,10.3128877025437
2023-03-26 10:50:17.552340,10.716478375665401
2023-03-27 10:50:17.552340,10.132202864702826
2023-03-28 10:50:17.552340,10.114956267200425
2023-03-29 10:50:17.552340,10.084359493627012
2023-03-30 10:50:17.552340,10.68577519936728
2023-03-31 10:50:17.552340,10.288049778219243
2023-04-01 10:50:17.552340,11.315108101169898
2023-04-02 10:50:17.552340,10.489326165997321
2023-04-03 10:50:17.552340,10.999351467958418
2023-04-04 10:50:17.552340,9.35212345072538
2023-04-05 10:50:17.552340,10.667204750288958
2023-04-06 10:50:17.552340,10.295488837008868
2023-04-07 10:50:17.552340,10.268571213469682
2023-04-08 10:50:17.552340,10.456151178222928
2023-04-09 10:50:17.552340,10.275096990218627
2023-04-10 10:50:17.552340,10.221599690310569
2023-04-11 10:50:17.552340,10.008971440885512
2023-04-12 10:50:17.552340,9.566238181292386
2023-04-13 10:50:17.552340,10.241237929426738
2023-04-14 10:50:17.552340,11.72530017501567
2023-04-15 10:50:17.552340,11.624739125461305
2023-04-16 10:50:17.552340,10.719279368010753
2023-04-17 10:50:17.552340,10.097322686622276
2023-04-18 10:50:17.552340,9.879313953775464
2023-04-19 10:50:17.552340,10.234514276551803
2023-04-20 10:50:17.552340,9.819589847511862
2023-04-21 10:50:17.552340,10.605931852975475
2023-04-22 10:50:17.552340,10.009994420010745
2023-04-23 10:50:17.552340,10.786890522110797
2023-04-24 10:50:17.552340,10.490900734357105
2023-04-25 10:50:17.552340,9.669484308062271
2023-04-26 10:50:17.552340,10.80930156601097
2023-04-27 10:50:17.552340,9.815405229837612
2023-04-28 10:50:17.552340,10.102458226923986
2023-04-29 10:50:17.552340,11.059235295685196
2023-04-30 10:50:17.552340,11.216221396390686
2023-05-01 10:50:17.552340,11.117302428755018
2023-05-02 10:50:17.552340,9.792285156924928
2023-05-03 10:50:17.552340,10.674882902675236
2023-05-04 10:50:17.552340,10.524822536588673
2023-05-05 10:50:17.552340,10.86664423449932
2023-05-06 10:50:17.552340,11.509643431294485
2023-05-07 10:50:17.552340,11.142097232015187
2023-05-08 10:50:17.552340,9.612832407914105
2023-05-09 10:50:17.552340,10.88807988735556
2023-05-10 10:50:17.552340,10.956028564060878
2023-05-11 10:50:17.552340,10.364058555928013
2023-05-12 10:50:17.552340,11.285909589993901
2023-05-13 10:50:17.552340,11.452128689476016
2023-05-14 10:50:17.552340,11.085785729216923
2023-05-15 10:50:17.552340,10.267563951692102
2023-05-16 10:50:17.552340,9.957822483947275
2023-05-17 10:50:17.552340,10.399127511567851
2023-05-18 10:50:17.552340,11.411183451032299
2023-05-19 10:50:17.552340,11.50980387028183
2023-05-20 10:50:17.552340,11.171778297675381
2023-05-21 10:50:17.552340,11.495204343870963
2023-05-22 10:50:17.552340,9.274243439415898
2023-05-23 10:50:17.552340,11.025664561445238
2023-05-24 10:50:17.552340,9.701501218602598
2023-05-25 10:50:17.552340,10.804814209410695
2023-05-26 10:50:17.552340,10.841102400187818
2023-05-27 10:50:17.552340,10.874351225180064
2023-05-28 10:50:17.552340,11.856002459633475
2023-05-29 10:50:17.552340,10.632479955530826
2023-05-30 10:50:17.552340,10.793884869921405
2023-05-31 10:50:17.552340,10.718737674996973
2023-06-01 10:50:17.552340,11.396836375008075
2023-06-02 10:50:17.552340,11.613023358220635
2023-06-03 10:50:17.552340,11.055216646098978
2023-06-04 10:50:17.552340,11.950040548072584
2023-06-05 10:50:17.552340,10.79701877714064
2023-06-06 10:50:17.552340,10.021107725328344
2023-06-07 10:50:17.552340,10.708055800202672
2023-06-08 10:50:17.552340,12.08971104051678
2023-06-09 10:50:17.552340,12.181788006126572
2023-06-10 10:50:17.552340,11.705450411966137
2023-06-11 10:50:17.552340,11.46129016976051
2023-06-12 10:50:17.552340,11.067988472312605
2023-06-13 10:50:17.552340,12.023527258489327
2023-06-14 10:50:17.552340,11.299629728336033
2023-06-15 10:50:17.552340,11.741642751158913
2023-06-16 10:50:17.552340,12.459799716705543
2023-06-17 10:50:17.552340,12.187789692502779
2023-06-18 10:50:17.552340,11.695601879984295
2023-06-19 10:50:17.552340,11.32036764602893
2023-06-20 10:50:17.552340,11.139569038013692
2023-06-21 10:50:17.552340,11.280694157841818
2023-06-22 10:50:17.552340,12.081453764134318
2023-06-23 10:50:17.552340,12.161968595470672
2023-06-24 10:50:17.552340,12.626320124848512
2023-06-25 10:50:17.552340,11.976583579504513
2023-06-26 10:50:17.552340,11.649839595449446
2023-06-27 10:50:17.552340,10.368355790310028
2023-06-28 10:50:17.552340,11.949609103801402
2023-06-29 10:50:17.552340,12.083023220618243
2023-06-30 10:50:17.552340,12.8270871723522
2023-07-01 10:50:17.552340,11.003851826863853
2023-07-02 10:50:17.552340,13.252948138613277
2023-07-03 10:50:17.552340,11.732332159465038
2023-07-04 10:50:17.552340,12.112885203822215
2023-07-05 10:50:17.552340,11.162509367639792
2023-07-06 10:50:17.552340,12.406809209076915
2023-07-07 10:50:17.552340,11.991590736847368
2023-07-08 10:50:17.552340,12.329831608262964
2023-07-09 10:50:17.552340,13.354980394131278
2023-07-10 10:50:17.552340,11.895404406980418
2023-07-11 10:50:17.552340,11.855491086663132
2023-07-12 10:50:17.552340,12.304786978910698
2023-07-13 10:50:17.552340,12.534811822066555
2023-07-14 10:50:17.552340,12.7792625630567
2023-07-15 10:50:17.552340,13.009105519043958
2023-07-16 10:50:17.552340,13.783684393387682
2023-07-17 10:50:17.552340,12.144999929822102
2023-07-18 10:50:17.552340,12.029388895810065
2023-07-19 10:50:17.552340,12.576095495373272
2023-07-20 10:50:17.552340,13.019649260808407
2023-07-21 10:50:17.552340,13.476334008867262
2023-07-22 10:50:17.552340,13.323556641359954
2023-07-23 10:50:17.552340,12.1867922168081
2023-07-24 10:50:17.552340,13.16554588964219
2023-07-25 10:50:17.552340,11.529341741132862
2023-07-26 10:50:17.552340,12.37436731127324
2023-07-27 10:50:17.552340,12.260588225764643
2023-07-28 10:50:17.552340,13.020100900587401
2023-07-29 10:50:17.552340,13.336388541952985
2023-07-30 10:50:17.552340,13.085207358295957
2023-07-31 10:50:17.552340,12.724396999931383
2023-08-01 10:50:17.552340,13.072303626687779
2023-08-02 10:50:17.552340,12.611032468120307
2023-08-03 10:50:17.552340,12.675101394057032
2023-08-04 10:50:17.552340,13.691861201370957
2023-08-05 10:50:17.552340,13.92254080237968
2023-08-06 10:50:17.552340,12.464630985244144
2023-08-07 10:50:17.552340,12.964108525122464
2023-08-08 10:50:17.552340,12.76603033302334
2023-08-09 10:50:17.552340,12.3834626004032
2023-08-10 10:50:17.552340,13.630954778434585
2023-08-11 10:50:17.552340,13.278614279134178
2023-08-12 10:50:17.552340,13.532281826861697
2023-08-13 10:50:17.552340,13.131412034167152
2023-08-14 10:50:17.552340,12.810498147771723
2023-08-15 10:50:17.552340,12.002356357225754
2023-08-16 10:50:17.552340,11.944982046129768
2023-08-17 10:50:17.552340,13.870794304418823
2023-08-18 10:50:17.552340,13.058243822624485
2023-08-19 10:50:17.552340,13.09948732877793
2023-08-20 10:50:17.552340,12.264516437231094
2023-08-21 10:50:17.552340,12.604031826282187
2023-08-22 10:50:17.552340,12.00726122141049
2023-08-23 10:50:17.552340,13.60180377749536
2023-08-24 10:50:17.552340,13.691684619071363
2023-08-25 10:50:17.552340,13.2482990733423
2023-08-26 10:50:17.552340,14.829437224698607
2023-08-27 10:50:17.552340,13.93748752180525
2023-08-28 10:50:17.552340,12.863819937828316
2023-08-29 10:50:17.552340,11.519128806019172
2023-08-30 10:50:17.552340,14.023569414950197
2023-08-31 10:50:17.552340,12.586542735197604
2023-09-01 10:50:17.552340,12.861454121248334
2023-09-02 10:50:17.552340,14.303486354998773
2023-09-03 10:50:17.552340,14.75264240911351
2023-09-04 10:50:17.552340,13.801690955376484
2023-09-05 10:50:17.552340,13.131241349459556
2023-09-06 10:50:17.552340,13.253046204041311
2023-09-07 10:50:17.552340,13.782703854894468
2023-09-08 10:50:17.552340,14.135362383168728
2023-09-09 10:50:17.552340,14.0016010814072
2023-09-10 10:50:17.552340,13.650713646777762
2023-09-11 10:50:17.552340,13.141131427332331
2023-09-12 10:50:17.552340,12.532189275432883
2023-09-13 10:50:17.552340,12.872213275055026
2023-09-14 10:50:17.552340,12.56338300296196
2023-09-15 10:50:17.552340,13.757564611975559
2023-09-16 10:50:17.552340,13.414505501310872
2023-09-17 10:50:17.552340,13.091562716858654
2023-09-18 10:50:17.552340,13.304058093756103
2023-09-19 10:50:17.552340,13.643785544315849
2023-09-20 10:50:17.552340,13.507243720059522
2023-09-21 10:50:17.552340,12.657060364168329
2023-09-22 10:50:17.552340,13.341278059671371
2023-09-23 10:50:17.552340,14.405447508534317
2023-09-24 10:50:17.552340,13.17527332348985
2023-09-25 10:50:17.552340,13.121849420137108
2023-09-26 10:50:17.552340,13.239758226781161
2023-09-27 10:50:17.552340,12.577752152656926
2023-09-28 10:50:17.552340,13.5057278779327
2023-09-29 10:50:17.552340,13.17669956558423
2023-09-30 10:50:17.552340,13.638890155560883
2023-10-01 10:50:17.552340,13.827814000942189
2023-10-02 10:50:17.552340,12.435972085693042
2023-10-03 10:50:17.552340,13.180173359881632
2023-10-04 10:50:17.552340,13.044214981508661
2023-10-05 10:50:17.552340,13.718306038055236
2023-10-06 10:50:17.552340,13.941608414227703
2023-10-07 10:50:17.552340,14.604508901135988
2023-10-08 10:50:17.552340,13.710334155552422
2023-10-09 10:50:17.552340,12.994508609757244
2023-10-10 10:50:17.552340,12.994781029230356
2023-10-11 10:50:17.552340,13.296344245340455
2023-10-12 10:50:17.552340,13.434129612300268
2023-10-13 10:50:17.552340,13.8145758746624
2023-10-14 10:50:17.552340,13.533075580697812
2023-10-15 10:50:17.552340,13.274923019267526
2023-10-16 10:50:17.552340,12.463594815755872
2023-10-17 10:50:17.552340,13.761157759066174
2023-10-18 10:50:17.552340,12.352569176049828
2023-10-19 10:50:17.552340,13.010139277750174
2023-10-20 10:50:17.552340,13.379074579059694
2023-10-21 10:50:17.552340,14.272657683405214
2023-10-22 10:50:17.552340,13.397169452713158
2023-10-23 10:50:17.552340,13.724207746710999
2023-10-24 10:50:17.552340,12.482254319440184
2023-10-25 10:50:17.552340,13.043842477158208
2023-10-26 10:50:17.552340,12.866001508816721
2023-10-27 10:50:17.552340,14.735199507588618
2023-10-28 10:50:17.552340,13.153032417758903
2023-10-29 10:50:17.552340,13.618506810429386
2023-10-30 10:50:17.552340,13.333520771363832
2023-10-31 10:50:17.552340,12.939566471020374
2023-11-01 10:50:17.552340,12.72276951952157
2023-11-02 10:50:17.552340,13.127263062888277
2023-11-03 10:50:17.552340,13.5904900050275
2023-11-04 10:50:17.552340,13.576782175832342
2023-11-05 10:50:17.552340,13.846511806240557
2023-11-06 10:50:17.552340,14.020426620112554
2023-11-07 10:50:17.552340,12.350044290754093
2023-11-08 10:50:17.552340,12.024259783326038
2023-11-09 10:50:17.552340,13.03943987043723
2023-11-10 10:50:17.552340,14.747541565460144
2023-11-11 10:50:17.552340,13.135279937006501
2023-11-12 10:50:17.552340,14.0687330549025
2023-11-13 10:50:17.552340,13.63642389521091
2023-11-14 10:50:17.552340,12.232248650444198
2023-11-15 10:50:17.552340,12.871788513403088
2023-11-16 10:50:17.552340,13.773837540276409
2023-11-17 10:50:17.552340,13.14214412996122
2023-11-18 10:50:17.552340,13.307351654478444
2023-11-19 10:50:17.552340,12.82840365005741
2023-11-20 10:50:17.552340,12.158351329942974
2023-11-21 10:50:17.552340,12.050689436036395
2023-11-22 10:50:17.552340,11.839784540093465
2023-11-23 10:50:17.552340,12.839354498735599
2023-11-24 10:50:17.552340,12.807654859571985
2023-11-25 10:50:17.552340,13.385272821964394
2023-11-26 10:50:17.552340,12.198883992899301
2023-11-27 10:50:17.552340,12.687152807359137
2023-11-28 10:50:17.552340,12.646517057403695
2023-11-29 10:50:17.552340,11.307799139215359
2023-11-30 10:50:17.552340,12.860788250544482
2023-12-01 10:50:17.552340,13.65650551546905
2023-12-02 10:50:17.552340,12.512219093181402
2023-12-03 10:50:17.552340,13.660456193318906
2023-12-04 10:50:17.552340,12.577287473993316
2023-12-05 10:50:17.552340,11.722088044846124
2023-12-06 10:50:17.552340,12.120449322436766
2023-12-07 10:50:17.552340,12.79546556188342
2023-12-08 10:50:17.552340,12.922141162067797
2023-12-09 10:50:17.552340,13.226860739351325
2023-12-10 10:50:17.552340,12.2033027273022
2023-12-11 10:50:17.552340,12.291005266983229
2023-12-12 10:50:17.552340,11.205412223410809
2023-12-13 10:50:17.552340,11.929576453192958
2023-12-14 10:50:17.552340,11.90043578388333
2023-12-15 10:50:17.552340,12.351744850990722
2023-12-16 10:50:17.552340,13.410236736336232
2023-12-17 10:50:17.552340,13.043390428911566
2023-12-18 10:50:17.552340,12.344430770070478
2023-12-19 10:50:17.552340,11.199143690408187
2023-12-20 10:50:17.552340,11.6595624924948
2023-12-21 10:50:17.552340,12.791115341380717
2023-12-22 10:50:17.552340,12.62219795851964
2023-12-23 10:50:17.552340,13.783390632997818
2023-12-24 10:50:17.552340,12.525689366780856
2023-12-25 10:50:17.552340,11.966994111161519
2023-12-26 10:50:17.552340,11.421715904891798
2023-12-27 10:50:17.552340,11.715430950691413
2023-12-28 10:50:17.552340,11.939198590418533
2023-12-29 10:50:17.552340,12.736287621002125
2023-12-30 10:50:17.552340,12.933051085652812
2023-12-31 10:50:17.552340,11.767143560129098
2024-01-01 10:50:17.552340,11.036648154606752
2024-01-02 10:50:17.552340,10.489707164717357
2024-01-03 10:50:17.552340,11.734485841170626
2024-01-04 10:50:17.552340,11.295927092297273
2024-01-05 10:50:17.552340,11.13836521965641
2024-01-06 10:50:17.552340,12.482019830402171
2024-01-07 10:50:17.552340,13.240174903751164
2024-01-08 10:50:17.552340,11.533325020388238
2024-01-09 10:50:17.552340,11.6617626440977
2024-01-10 10:50:17.552340,11.35677621291215
2024-01-11 10:50:17.552340,11.634253067781804
2024-01-12 10:50:17.552340,12.511204380228222
2024-01-13 10:50:17.552340,11.980268755180335
2024-01-14 10:50:17.552340,11.965918187725618
2024-01-15 10:50:17.552340,11.53667890319802
2024-01-16 10:50:17.552340,10.748915170651488
2024-01-17 10:50:17.552340,11.653350155535813
2024-01-18 10:50:17.552340,11.438760156031533
2024-01-19 10:50:17.552340,11.517460459752387
2024-01-20 10:50:17.552340,12.238502345186015
2024-01-21 10:50:17.552340,11.229053317852639
2024-01-22 10:50:17.552340,11.237258762683409
2024-01-23 10:50:17.552340,10.927060635608894
2024-01-24 10:50:17.552340,11.550306307814513
2024-01-25 10:50:17.552340,11.615036351833924
2024-01-26 10:50:17.552340,11.7357318471528
2024-01-27 10:50:17.552340,12.233554941030764
2024-01-28 10:50:17.552340,12.22937407921932
2024-01-29 10:50:17.552340,11.359661046144264
2024-01-30 10:50:17.552340,10.796034475392059
2024-01-31 10:50:17.552340,10.212373883369914
2024-02-01 10:50:17.552340,10.70780393975022
2024-02-02 10:50:17.552340,11.460090674012244
2024-02-03 10:50:17.552340,11.386201127622185
2024-02-04 10:50:17.552340,11.308940860334651
2024-02-05 10:50:17.552340,10.979150310268157
2024-02-06 10:50:17.552340,10.927729156187015
2024-02-07 10:50:17.552340,10.707063714337496
2024-02-08 10:50:17.552340,11.359669927300176
2024-02-09 10:50:17.552340,11.523075934289514
2024-02-10 10:50:17.552340,10.583476533565072
2024-02-11 10:50:17.552340,10.815167183773813
2024-02-12 10:50:17.552340,10.763383974296158
2024-02-13 10:50:17.552340,9.944869451932849
2024-02-14 10:50:17.552340,10.931380095960042
2024-02-15 10:50:17.552340,11.773202003416788
2024-02-16 10:50:17.552340,11.99396757688812
2024-02-17 10:50:17.552340,11.36061164224029
2024-02-18 10:50:17.552340,11.928730737527156
2024-02-19 10:50:17.552340,10.810737273285248
2024-02-20 10:50:17.552340,10.284625387167315
2024-02-21 10:50:17.552340,10.230673724527566
2024-02-22 10:50:17.552340,10.765090121309267
2024-02-23 10:50:17.552340,11.101566194683034
2024-02-24 10:50:17.552340,11.466208479625617
2024-02-25 10:50:17.552340,11.179950280150866
2024-02-26 10:50:17.552340,10.656878718217499
2024-02-27 10:50:17.552340,10.593273589940198
2024-02-28 10:50:17.552340,11.05704492554884
2024-02-29 10:50:17.552340,11.318185191072466
2024-03-01 10:50:17.552340,10.483050222029538
2024-03-02 10:50:17.552340,10.036670045076335
2024-03-03 10:50:17.552340,11.50226250396388
2024-03-04 10:50:17.552340,9.910187172749355
2024-03-05 10:50:17.552340,10.203545874452459
2024-03-06 10:50:17.552340,9.82066345790982
2024-03-07 10:50:17.552340,9.889310204072508
2024-03-08 10:50:17.552340,11.446036133280089
2024-03-09 10:50:17.552340,11.645945302437125
2024-03-10 10:50:17.552340,10.702533419316937
2024-03-11 10:50:17.552340,9.25675694969914
2024-03-12 10:50:17.552340,10.004439089724732
2024-03-13 10:50:17.552340,10.566250655505858
2024-03-14 10:50:17.552340,10.018483154766319
2024-03-15 10:50:17.552340,11.237646078917535
2024-03-16 10:50:17.552340,11.23240908451206
2024-03-17 10:50:17.552340,11.257176797341728
2024-03-18 10:50:17.552340,10.591867150336219
2024-03-19 10:50:17.552340,9.773891552022747
2024-03-20 10:50:17.552340,10.954573437788868
2024-03-21 10:50:17.552340,10.667695088626727
2024-03-22 10:50:17.552340,11.124423350156318
2024-03-23 10:50:17.552340,10.768633843194532
2024-03-24 10:50:17.552340,10.744192879268583
2024-03-25 10:50:17.552340,10.091081622727609
2024-03-26 10:50:17.552340,10.178465055498096
2024-03-27 10:50:17.552340,11.219762112114587
2024-03-28 10:50:17.552340,10.071738762554448
2024-03-29 10:50:17.552340,10.345133884003223
2024-03-30 10:50:17.552340,11.987800762603246
2024-03-31 10:50:17.552340,10.881227143244766
2024-04-01 10:50:17.552340,10.222106255203562
2024-04-02 10:50:17.552340,10.811151288811724
2024-04-03 10:50:17.552340,10.090457804758591
2024-04-04 10:50:17.552340,11.703143446713746
2024-04-05 10:50:17.552340,11.52641212218118
2024-04-06 10:50:17.552340,11.04687272606097
2024-04-07 10:50:17.552340,12.106226115350722
2024-04-08 10:50:17.552340,10.298529443696467
2024-04-09 10:50:17.552340,10.710042316582154
2024-04-10 10:50:17.552340,10.59374820192793
2024-04-11 10:50:17.552340,11.494874569195012
2024-04-12 10:50:17.552340,12.025086565154716
2024-04-13 10:50:17.552340,11.366715285099522
2024-04-14 10:50:17.552340,10.713736518705746
2024-04-15 10:50:17.552340,10.897219865525745
2024-04-16 10:50:17.552340,10.06894117612998
2024-04-17 10:50:17.552340,11.522540129036484
2024-04-18 10:50:17.552340,10.986938696962012
2024-04-19 10:50:17.552340,11.139241095689073
2024-04-20 10:50:17.552340,11.523508489476512
2024-04-21 10:50:17.552340,10.50020122565259
2024-04-22 10:50:17.552340,10.267588202435283
2024-04-23 10:50:17.552340,11.096987631945773
2024-04-24 10:50:17.552340,10.279178614583165
2024-04-25 10:50:17.552340,10.489768434258911
2024-04-26 10:50:17.552340,11.687530178836491
2024-04-27 10:50:17.552340,12.124045959217277
2024-04-28 10:50:17.552340,11.635963955205657
2024-04-29 10:50:17.552340,11.35681234887002
2024-04-30 10:50:17.552340,10.2264189522092
2024-05-01 10:50:17.552340,10.007370169845313
2024-05-02 10:50:17.552340,11.877125053171337
2024-05-03 10:50:17.552340,11.373652593151899
2024-05-04 10:50:17.552340,11.524089591099132
2024-05-05 10:50:17.552340,12.0613884469435
2024-05-06 10:50:17.552340,11.260167058391307
2024-05-07 10:50:17.552340,10.958450285914866
2024-05-08 10:50:17.552340,11.928859099800055
2024-05-09 10:50:17.552340,10.935139513031084
2024-05-10 10:50:17.552340,12.131675711957413
2024-05-11 10:50:17.552340,11.813062600580656
2024-05-12 10:50:17.552340,11.668887649234202
2024-05-13 10:50:17.552340,11.885799320393636
2024-05-14 10:50:17.552340,11.126112320227458
2024-05-15 10:50:17.552340,11.259330422297994
2024-05-16 10:50:17.552340,11.939073956952473
2024-05-17 10:50:17.552340,11.633258317865195
2024-05-18 10:50:17.552340,11.514947174172056
2024-05-19 10:50:17.552340,11.164158780175752
2024-05-20 10:50:17.552340,10.292292954741287
2024-05-21 10:50:17.552340,12.056096228168917
2024-05-22 10:50:17.552340,10.596225743255218
2024-05-23 10:50:17.552340,11.45164703743272
2024-05-24 10:50:17.552340,11.838543771401772
2024-05-25 10:50:17.552340,12.251188911262338
2024-05-26 10:50:17.552340,12.259038482778111
2024-05-27 10:50:17.552340,11.87194207100654
2024-05-28 10:50:17.552340,10.90426975037019
2024-05-29 10:50:17.552340,11.233620287019713
2024-05-30 10:50:17.552340,11.874403680914781
2024-05-31 10:50:17.552340,12.024886139538715
2024-06-01 10:50:17.552340,13.07483341555741
2024-06-02 10:50:17.552340,12.271678147480243
2024-06-03 10:50:17.552340,11.985462292256374
2024-06-04 10:50:17.552340,11.704815616522863
2024-06-05 10:50:17.552340,12.08268381825782
2024-06-06 10:50:17.552340,12.003539901271466
2024-06-07 10:50:17.552340,11.681830912455748
2024-06-08 10:50:17.552340,12.653069325803077
2024-06-09 10:50:17.552340,11.88357594574201
2024-06-10 10:50:17.552340,11.537726941927296
2024-06-11 10:50:17.552340,11.851465920766696
2024-06-12 10:50:17.552340,12.30084301728258
2024-06-13 10:50:17.552340,12.110213531822387
2024-06-14 10:50:17.552340,12.671954175096836
2024-06-15 10:50:17.552340,13.49231367686416
2024-06-16 10:50:17.552340,12.51824961620167
2024-06-17 10:50:17.552340,13.292080770867347
2024-06-18 10:50:17.552340,12.030775306855086
2024-06-19 10:50:17.552340,10.991536502999674
2024-06-20 10:50:17.552340,12.666891827882948
2024-06-21 10:50:17.552340,12.899133925991217
2024-06-22 10:50:17.552340,13.477420244465309
2024-06-23 10:50:17.552340,12.926068675343585
2024-06-24 10:50:17.552340,12.11383013844927
2024-06-25 10:50:17.552340,11.327850795614607
2024-06-26 10:50:17.552340,11.95949271878999
2024-06-27 10:50:17.552340,12.05710078057957
2024-06-28 10:50:17.552340,12.610432999000883
2024-06-29 10:50:17.552340,13.31891953448958
2024-06-30 10:50:17.552340,13.616409681604289
2024-07-01 10:50:17.552340,12.572212812016854
2024-07-02 10:50:17.552340,11.533663355992893
2024-07-03 10:50:17.552340,12.477643344420365
2024-07-04 10:50:17.552340,13.271693815759438
2024-07-05 10:50:17.552340,12.78644654562001
2024-07-06 10:50:17.552340,13.14783814995464
2024-07-07 10:50:17.552340,12.97853809944336
2024-07-08 10:50:17.552340,12.171631821539117
2024-07-09 10:50:17.552340,12.64436373775189
2024-07-10 10:50:17.552340,12.38284879062628
2024-07-11 10:50:17.552340,13.07043507675376
2024-07-12 10:50:17.552340,12.83414053041328
2024-07-13 10:50:17.552340,13.18187217518009
2024-07-14 10:50:17.552340,13.51729361019265
2024-07-15 10:50:17.552340,12.561676285605163
2024-07-16 10:50:17.552340,13.366769167423442
2024-07-17 10:50:17.552340,12.425569494502106
2024-07-18 10:50:17.552340,13.15402640147941
2024-07-19 10:50:17.552340,13.924097451500048
2024-07-20 10:50:17.552340,12.870184204477448
2024-07-21 10:50:17.552340,12.453265037822796
2024-07-22 10:50:17.552340,12.161582776770794
2024-07-23 10:50:17.552340,13.309600088673069
2024-07-24 10:50:17.552340,12.523133579552876
2024-07-25 10:50:17.552340,14.493064962721844
2024-07-26 10:50:17.552340,13.346518092679649
2024-07-27 10:50:17.552340,13.840993940339336
2024-07-28 10:50:17.552340,14.272540226553119
2024-07-29 10:50:17.552340,14.093691455532781
2024-07-30 10:50:17.552340,13.873666324599768
2024-07-31 10:50:17.552340,13.566179322311907
2024-08-01 10:50:17.552340,13.887212321503045
2024-08-02 10:50:17.552340,14.084358927536966
2024-08-03 10:50:17.552340,14.295546370167045
2024-08-04 10:50:17.552340,13.381690613220934
2024-08-05 10:50:17.552340,12.835451711983987
2024-08-06 10:50:17.552340,12.993199174959878
2024-08-07 10:50:17.552340,13.02689986546229
2024-08-08 10:50:17.552340,13.29654606865351
2024-08-09 10:50:17.552340,14.282210836741159
2024-08-10 10:50:17.552340,14.527842891792634
2024-08-11 10:50:17.552340,13.843174956739807
2024-08-12 10:50:17.552340,14.122829247719167
2024-08-13 10:50:17.552340,12.561341980382123
2024-08-14 10:50:17.552340,13.150212385890367
2024-08-15 10:50:17.552340,13.297512068359614
2024-08-16 10:50:17.552340,13.131189205503835
2024-08-17 10:50:17.552340,14.13693236871924
2024-08-18 10:50:17.552340,13.863787662782286
2024-08-19 10:50:17.552340,14.264052626536465
2024-08-20 10:50:17.552340,13.568396455872183
2024-08-21 10:50:17.552340,12.853260920806564
2024-08-22 10:50:17.552340,14.698758221828182
2024-08-23 10:50:17.552340,14.788208663396716
2024-08-24 10:50:17.552340,14.579971312522376
2024-08-25 10:50:17.552340,13.919455186069412
2024-08-26 10:50:17.552340,13.133001420830166
2024-08-27 10:50:17.552340,13.169610155014947
2024-08-28 10:50:17.552340,14.0097541881649
2024-08-29 10:50:17.552340,14.811307022856226
2024-08-30 10:50:17.552340,15.043866473949421
2024-08-31 10:50:17.552340,14.136276998690533
2024-09-01 10:50:17.552340,13.561870335817328
2024-09-02 10:50:17.552340,13.769325590281925
2024-09-03 10:50:17.552340,12.55481277680764
2024-09-04 10:50:17.552340,13.707418861382605
2024-09-05 10:50:17.552340,13.87278348129331
2024-09-06 10:50:17.552340,14.113893565804196
2024-09-07 10:50:17.552340,13.65509476949887
2024-09-08 10:50:17.552340,14.447283336175257
2024-09-09 10:50:17.552340,13.49837893585322
2024-09-10 10:50:17.552340,12.916947486894781
2024-09-11 10:50:17.552340,12.169588678082295
2024-09-12 10:50:17.552340,13.98970910219718
2024-09-13 10:50:17.552340,15.28690294962853
2024-09-14 10:50:17.552340,15.333912247503777
2024-09-15 10:50:17.552340,14.00973084006109
2024-09-16 10:50:17.552340,13.5083676061681
2024-09-17 10:50:17.552340,13.77797605968478
2024-09-18 10:50:17.552340,13.145139896406251
2024-09-19 10:50:17.552340,14.189897108202109
2024-09-20 10:50:17.552340,14.816266546406275
2024-09-21 10:50:17.552340,15.146106954755611
2024-09-22 10:50:17.552340,14.214462789768136
2024-09-23 10:50:17.552340,13.730796406052871
2024-09-24 10:50:17.552340,13.124652615225262
2024-09-25 10:50:17.552340,13.247840215105866
2024-09-26 10:50:17.552340,13.939600675371874
2024-09-27 10:50:17.552340,14.627638619501822
2024-09-28 10:50:17.552340,14.997052841016881
2024-09-29 10:50:17.552340,13.867462415664228
2024-09-30 10:50:17.552340,14.580383579233132
2024-10-01 10:50:17.552340,13.426385065405379
2024-10-02 10:50:17.552340,13.645800558584044
2024-10-03 10:50:17.552340,13.671343782632093
2024-10-04 10:50:17.552340,13.220856671944277
2024-10-05 10:50:17.552340,14.968222260232835
2024-10-06 10:50:17.552340,14.620338548163097
2024-10-07 10:50:17.552340,13.673174386551816
2024-10-08 10:50:17.552340,13.572184652400086
2024-10-09 10:50:17.552340,13.888150101423156
2024-10-10 10:50:17.552340,13.23433804361299
2024-10-11 10:50:17.552340,14.136088979698288
2024-10-12 10:50:17.552340,14.88796058372829
2024-10-13 10:50:17.552340,13.586404626484516
2024-10-14 10:50:17.552340,13.919268705008765
2024-10-15 10:50:17.552340,12.816084462811888
2024-10-16 10:50:17.552340,13.816132593546348
2024-10-17 10:50:17.552340,13.947595793830722
2024-10-18 10:50:17.552340,13.539941709929401
2024-10-19 10:50:17.552340,15.017196103929832
2024-10-20 10:50:17.552340,13.787377620001823
2024-10-21 10:50:17.552340,13.305634334234535
2024-10-22 10:50:17.552340,13.530099222457471
2024-10-23 10:50:17.552340,14.089866521133345
2024-10-24 10:50:17.552340,13.387350227791103
2024-10-25 10:50:17.552340,14.30543070160462
2024-10-26 10:50:17.552340,14.573581408724143
2024-10-27 10:50:17.552340,14.422862344373193
2024-10-28 10:50:17.552340,13.717933493836936
2024-10-29 10:50:17.552340,13.162596324824007
2024-10-30 10:50:17.552340,13.015420026827128
2024-10-31 10:50:17.552340,13.849401031717711
2024-11-01 10:50:17.552340,13.647019647996226
2024-11-02 10:50:17.552340,12.80445724214759
2024-11-03 10:50:17.552340,14.19804099219329
2024-11-04 10:50:17.552340,13.982655929268649
2024-11-05 10:50:17.552340,12.06317681501381
2024-11-06 10:50:17.552340,12.820473045759963
2024-11-07 10:50:17.552340,14.009654144852089
2024-11-08 10:50:17.552340,15.1032443707027
2024-11-09 10:50:17.552340,14.164631965327604
2024-11-10 10:50:17.552340,13.502593663844678
2024-11-11 10:50:17.552340,13.323842692510496
2024-11-12 10:50:17.552340,13.814489611214627
2024-11-13 10:50:17.552340,12.882608896592773
2024-11-14 10:50:17.552340,13.178616711719341
2024-11-15 10:50:17.552340,13.709183208855055
2024-11-16 10:50:17.552340,13.551591911182504
2024-11-17 10:50:17.552340,13.799954905994904
2024-11-18 10:50:17.552340,14.097699597148964
2024-11-19 10:50:17.552340,13.156747245315255
2024-11-20 10:50:17.552340,12.94569967236309
2024-11-21 10:50:17.552340,13.296764780250793
2024-11-22 10:50:17.552340,13.03163310149166
2024-11-23 10:50:17.552340,14.330744578531817
2024-11-24 10:50:17.552340,13.558939181030514
2024-11-25 10:50:17.552340,13.05270812008815
2024-11-26 10:50:17.552340,14.447744388642171
2024-11-27 10:50:17.552340,13.075677245638971
2024-11-28 10:50:17.552340,12.919687176687571
2024-11-29 10:50:17.552340,13.451496908751931
2024-11-30 10:50:17.552340,14.313442088687694
2024-12-01 10:50:17.552340,13.503152721263794
2024-12-02 10:50:17.552340,12.271147271623823
2024-12-03 10:50:17.552340,13.156870350065795
2024-12-04 10:50:17.552340,12.43707014481268
2024-12-05 10:50:17.552340,14.075898490608402
2024-12-06 10:50:17.552340,14.047241879713894
2024-12-07 10:50:17.552340,13.357025733389138
2024-12-08 10:50:17.552340,13.927468837463602
2024-12-09 10:50:17.552340,12.86368353998793
2024-12-10 10:50:17.552340,12.962189605994222
2024-12-11 10:50:17.552340,12.85118409536744
2024-12-12 10:50:17.552340,12.552926897605767
2024-12-13 10:50:17.552340,13.021530429691008
2024-12-14 10:50:17.552340,13.931038445933117
2024-12-15 10:50:17.552340,12.954280396145656
2024-12-16 10:50:17.552340,12.462027397875886
2024-12-17 10:50:17.552340,11.8917783334101
2024-12-18 10:50:17.552340,12.653647820398035
2024-12-19 10:50:17.552340,13.839944918197773
2024-12-20 10:50:17.552340,12.641715775498074
2024-12-21 10:50:17.552340,13.259997444893004
2024-12-22 10:50:17.552340,13.659314054182504
2024-12-23 10:50:17.552340,12.455326012343264
2024-12-24 10:50:17.552340,12.426633364509145
2024-12-25 10:50:17.552340,11.741625587776495
2024-12-26 10:50:17.552340,12.8537297881381
2024-12-27 10:50:17.552340,12.912777117340555
2024-12-28 10:50:17.552340,13.571646495354608
2024-12-29 10:50:17.552340,13.377870866505846
2024-12-30 10:50:17.552340,13.621036372274826
2024-12-31 10:50:17.552340,12.321559131460296
2025-01-01 10:50:17.552340,12.267256224416974
2025-01-02 10:50:17.552340,12.568598069737016
2025-01-03 10:50:17.552340,12.6619429902129
2025-01-04 10:50:17.552340,13.080600652720454
2025-01-05 10:50:17.552340,12.469507736535032
2025-01-06 10:50:17.552340,12.244021894052135
2025-01-07 10:50:17.552340,12.524637157430025
2025-01-08 10:50:17.552340,11.435794189088927
2025-01-09 10:50:17.552340,12.87671655543688
2025-01-10 10:50:17.552340,13.333171169281341
2025-01-11 10:50:17.552340,12.689180090095734
2025-01-12 10:50:17.552340,11.393956491238335
2025-01-13 10:50:17.552340,11.694427298024902
2025-01-14 10:50:17.552340,12.353805186848398
2025-01-15 10:50:17.552340,11.768074581180432
2025-01-16 10:50:17.552340,11.648593605854197
2025-01-17 10:50:17.552340,12.264768314999165
2025-01-18 10:50:17.552340,13.012191267608037
2025-01-19 10:50:17.552340,12.573092120969344
2025-01-20 10:50:17.552340,11.724937520045765
2025-01-21 10:50:17.552340,11.369233891559452
2025-01-22 10:50:17.552340,11.432289274266001
2025-01-23 10:50:17.552340,11.537069173883383
2025-01-24 10:50:17.552340,13.176290821362782
2025-01-25 10:50:17.552340,12.283633306776586
2025-01-26 10:50:17.552340,12.762728965311252
2025-01-27 10:50:17.552340,12.461044591554336
2025-01-28 10:50:17.552340,11.90938925551016
2025-01-29 10:50:17.552340,11.27159622396821
2025-01-30 10:50:17.552340,12.061072785947385
2025-01-31 10:50:17.552340,12.219178709326382
2025-02-01 10:50:17.552340,11.857400310681411
2025-02-02 10:50:17.552340,12.18261478303051
2025-02-03 10:50:17.552340,10.979022877129927
2025-02-04 10:50:17.552340,11.874142955518215
2025-02-05 10:50:17.552340,11.127122345216351
2025-02-06 10:50:17.552340,11.833808672537364
2025-02-07 10:50:17.552340,12.248978782394264
2025-02-08 10:50:17.552340,12.057934454889347
2025-02-09 10:50:17.552340,12.19403463094754
2025-02-10 10:50:17.552340,11.213499313254273
2025-02-11 10:50:17.552340,11.600554314353417
2025-02-12 10:50:17.552340,10.57327519808695
2025-02-13 10:50:17.552340,11.685521261969225
2025-02-14 10:50:17.552340,12.968206828008094
2025-02-15 10:50:17.552340,11.580969203593659
2025-02-16 10:50:17.552340,11.457938505910766
2025-02-17 10:50:17.552340,11.60643785481419
2025-02-18 10:50:17.552340,11.155672349121783
2025-02-19 10:50:17.552340,11.325031637219954
2025-02-20 10:50:17.552340,11.772884362605877
2025-02-21 10:50:17.552340,12.224601440068227
2025-02-22 10:50:17.552340,12.54705273978869
2025-02-23 10:50:17.552340,11.915387610370065
2025-02-24 10:50:17.552340,11.14515072319901
2025-02-25 10:50:17.552340,11.321120472210069
2025-02-26 10:50:17.552340,12.021293687371505
2025-02-27 10:50:17.552340,11.386320656198382
2025-02-28 10:50:17.552340,11.347059212250501
2025-03-01 10:50:17.552340,12.47558775575491
2025-03-02 10:50:17.552340,11.582917944018432
2025-03-03 10:50:17.552340,10.11488403621978
2025-03-04 10:50:17.552340,11.346815274000054
2025-03-05 10:50:17.552340,10.74481269727866
2025-03-06 10:50:17.552340,11.351369071021418
2025-03-07 10:50:17.552340,11.947206329381116
2025-03-08 10:50:17.552340,11.967102823924172
2025-03-09 10:50:17.552340,11.950571544323143
2025-03-10 10:50:17.552340,10.939161695277722
2025-03-11 10:50:17.552340,11.13830890832751
2025-03-12 10:50:17.552340,10.844336189915873
2025-03-13 10:50:17.552340,11.730669634482329
2025-03-14 10:50:17.552340,12.056538422393821
2025-03-15 10:50:17.552340,11.374794982862584
2025-03-16 10:50:17.552340,12.112532980654032
2025-03-17 10:50:17.552340,10.865665585866612
2025-03-18 10:50:17.552340,11.265583778737582
2025-03-19 10:50:17.552340,11.14061789402107
2025-03-20 10:50:17.552340,12.266295266588175
2025-03-21 10:50:17.552340,11.626142625188386
2025-03-22 10:50:17.552340,11.659965436709076
2025-03-23 10:50:17.552340,11.555035933255098
2025-03-24 10:50:17.552340,10.980360374329756
2025-03-25 10:50:17.552340,11.262931844179944
2025-03-26 10:50:17.552340,10.153330996098376
2025-03-27 10:50:17.552340,10.827982403704224
2025-03-28 10:50:17.552340,11.21470361446445
2025-03-29 10:50:17.552340,12.323616593785326
2025-03-30 10:50:17.552340,12.437000198615376
2025-03-31 10:50:17.552340,11.099780633434312
2025-04-01 10:50:17.552340,10.801709676406347
2025-04-02 10:50:17.552340,11.02277324152713
2025-04-03 10:50:17.552340,11.965120467165214
2025-04-04 10:50:17.552340,11.317377764079026
2025-04-05 10:50:17.552340,12.00318189273582
2025-04-06 10:50:17.552340,12.107905158492887
2025-04-07 10:50:17.552340,11.444235354570344
2025-04-08 10:50:17.552340,11.025655626965456
2025-04-09 10:50:17.552340,11.53606589171799
2025-04-10 10:50:17.552340,10.083401506458973
2025-04-11 10:50:17.552340,12.173857325495181
2025-04-12 10:50:17.552340,11.613841340084473
2025-04-13 10:50:17.552340,10.764874675606292
2025-04-14 10:50:17.552340,11.51216301452378
2025-04-15 10:50:17.552340,11.683540980105507
2025-04-16 10:50:17.552340,11.03562281854905
2025-04-17 10:50:17.552340,11.983199520108732
2025-04-18 10:50:17.552340,12.715725901648897
2025-04-19 10:50:17.552340,12.675907312994052
2025-04-20 10:50:17.552340,12.580628514697647
2025-04-21 10:50:17.552340,11.710944376835831
2025-04-22 10:50:17.552340,11.120589954609239
2025-04-23 10:50:17.552340,10.392345986881876
2025-04-24 10:50:17.552340,11.47551025123779
2025-04-25 10:50:17.552340,11.582516369175908
2025-04-26 10:50:17.552340,13.20122337617869
2025-04-27 10:50:17.552340,11.772728889137506
2025-04-28 10:50:17.552340,11.504205964147717
2025-04-29 10:50:17.552340,11.464009107455166
2025-04-30 10:50:17.552340,11.323165934537073
2025-05-01 10:50:17.552340,12.55671676466569
2025-05-02 10:50:17.552340,11.806049287560377
2025-05-03 10:50:17.552340,12.328844455048582
2025-05-04 10:50:17.552340,11.607748719945437
2025-05-05 10:50:17.552340,10.903396381291168
2025-05-06 10:50:17.552340,11.005645421706127
2025-05-07 10:50:17.552340,11.40853621620669
2025-05-08 10:50:17.552340,11.622622556324886
2025-05-09 10:50:17.552340,11.901603879518243
2025-05-10 10:50:17.552340,11.661145130937806
2025-05-11 10:50:17.552340,12.072481165285696
2025-05-12 10:50:17.552340,10.948347583669424
2025-05-13 10:50:17.552340,11.83107100250008
2025-05-14 10:50:17.552340,11.60996253340679
2025-05-15 10:50:17.552340,11.252322374274717
2025-05-16 10:50:17.552340,12.239131491006662
2025-05-17 10:50:17.552340,12.136204694698288
2025-05-18 10:50:17.552340,12.42361717651907
2025-05-19 10:50:17.552340,12.522904861080388
2025-05-20 10:50:17.552340,10.667362928074196
2025-05-21 10:50:17.552340,11.782053917629275
2025-05-22 10:50:17.552340,12.058679269566731
2025-05-23 10:50:17.552340,12.888859628684939
2025-05-24 10:50:17.552340,12.780096950322024
2025-05-25 10:50:17.552340,12.050978809956227
2025-05-26 10:50:17.552340,11.857759169557507
2025-05-27 10:50:17.552340,11.373170311892796
2025-05-28 10:50:17.552340,12.430360253810816
2025-05-29 10:50:17.552340,12.318752709482878
2025-05-30 10:50:17.552340,13.674624789781046
2025-05-31 10:50:17.552340,12.815449510580116
2025-06-01 10:50:17.552340,12.246435157560136
2025-06-02 10:50:17.552340,11.435449736237153
2025-06-03 10:50:17.552340,11.045931474571356
2025-06-04 10:50:17.552340,11.27785522554328
2025-06-05 10:50:17.552340,12.620425956254811
2025-06-06 10:50:17.552340,13.158307374768686
2025-06-07 10:50:17.552340,12.236199750274494
2025-06-08 10:50:17.552340,13.230222420432657
2025-06-09 10:50:17.552340,12.133840127678752
2025-06-10 10:50:17.552340,12.204909702262805
2025-06-11 10:50:17.552340,13.060942440373722
2025-06-12 10:50:17.552340,13.12103688073251
2025-06-13 10:50:17.552340,12.956228160735355
2025-06-14 10:50:17.552340,12.768489770946665
2025-06-15 10:50:17.552340,11.89477641734986
2025-06-16 10:50:17.552340,12.204412627718627
2025-06-17 10:50:17.552340,12.21515200783113
2025-06-18 10:50:17.552340,11.950978935320572
2025-06-19 10:50:17.552340,12.797205140265522
2025-06-20 10:50:17.552340,13.319562700044104
2025-06-21 10:50:17.552340,13.29267495750267
2025-06-22 10:50:17.552340,12.837020490480066
2025-06-23 10:50:17.552340,12.839921596574417
2025-06-24 10:50:17.552340,12.733506368693803
